# Blender 4.2.2 LTS
# www.blender.org
mtllib arcade3.mtl
o Cube.002
v 2.844095 1.365846 -0.522669
v 2.844095 -0.522669 -0.522669
v 2.844095 1.368318 0.291317
v 2.844095 -0.522669 0.522669
v 1.798757 1.365846 -0.522669
v 1.798757 -0.522669 -0.522669
v 1.798757 1.368318 0.291317
v 1.798757 -0.522669 0.522669
v 2.844095 1.045469 -0.522669
v 1.798757 1.045469 -0.006917
v 2.844095 1.045469 -0.006917
v 1.798757 1.045469 -0.522669
v 2.844095 0.402948 -0.522669
v 2.844095 0.402948 -0.006917
v 1.798757 0.402948 -0.522669
v 1.798757 0.402948 -0.006917
v 2.844095 0.285852 -0.522669
v 2.844095 0.285852 0.436577
v 1.798757 0.285852 -0.522669
v 1.798757 0.285852 0.436577
v 1.969960 -0.522669 -0.522669
v 1.969960 1.368318 0.291317
v 1.969960 -0.522669 0.522669
v 1.969960 1.365846 -0.522669
v 1.969960 1.045469 -0.522669
v 1.969960 1.223046 -0.190139
v 1.969960 0.469929 -0.190139
v 1.969960 0.402948 -0.522669
v 1.969960 0.285852 -0.522669
v 1.798757 1.474658 0.324120
v 2.662872 -0.522669 0.522669
v 2.662872 1.365846 -0.522669
v 2.662872 1.045469 -0.522669
v 2.662872 0.402948 -0.522669
v 2.662872 0.285852 -0.522669
v 2.662872 -0.522669 -0.522669
v 2.662872 1.368318 0.291317
v 2.662872 1.223046 -0.190139
v 2.662872 0.469929 -0.190139
v 1.969960 1.474658 0.324120
v 1.969960 0.053478 0.436577
v 1.969960 0.169080 0.338417
v 1.870484 0.152955 0.436577
v 2.662872 0.169080 0.338417
v 2.662872 0.053478 0.436577
v 2.762348 0.152955 0.436577
v 2.844095 1.477130 -0.522669
v 2.844095 1.474658 0.324120
v 1.798757 1.477130 -0.522669
v 2.662872 1.477130 -0.522669
v 2.662872 1.474658 0.324120
v 1.969960 1.477130 -0.522669
v 2.316416 1.223046 -0.190139
v 2.316416 0.469929 -0.190139
v 1.969960 0.846487 -0.190139
v 2.662872 0.846487 -0.190139
v 2.316416 0.846487 -0.110280
v 2.143188 1.223046 -0.190139
v 2.143188 0.469929 -0.190139
v 1.969960 0.658208 -0.190139
v 2.662872 0.658208 -0.190139
v 2.489644 1.223046 -0.190139
v 2.489644 0.469929 -0.190139
v 1.969960 1.034767 -0.190139
v 2.662872 1.034767 -0.190139
v 2.143188 0.846487 -0.135102
v 2.489644 0.846487 -0.135102
v 2.316416 0.658208 -0.135102
v 2.316416 1.034767 -0.135102
v 2.489644 1.034767 -0.135102
v 2.489644 0.658208 -0.135102
v 2.143188 0.658208 -0.135102
v 2.143188 1.034767 -0.135102
v 2.056574 1.223046 -0.190139
v 2.056574 0.469929 -0.190139
v 1.969960 0.564068 -0.190139
v 2.662872 0.564068 -0.190139
v 2.403030 1.223046 -0.190139
v 2.403030 0.469929 -0.190139
v 1.969960 0.940627 -0.190139
v 2.662872 0.940627 -0.190139
v 2.056574 0.846487 -0.154815
v 2.403030 0.846487 -0.120323
v 2.316416 0.564068 -0.154815
v 2.316416 0.940627 -0.120323
v 2.229802 1.223046 -0.190139
v 2.229802 0.469929 -0.190139
v 1.969960 0.752348 -0.190139
v 2.662872 0.752348 -0.190139
v 2.576258 1.223046 -0.190139
v 2.576258 0.469929 -0.190139
v 1.969960 1.128906 -0.190139
v 2.662872 1.128906 -0.190139
v 2.229802 0.846487 -0.120323
v 2.576258 0.846487 -0.154815
v 2.316416 0.752348 -0.120323
v 2.316416 1.128906 -0.154815
v 2.403030 1.034767 -0.135102
v 2.576258 1.034767 -0.154815
v 2.489644 0.940627 -0.135102
v 2.489644 1.128906 -0.154815
v 2.403030 0.658208 -0.135102
v 2.576258 0.658208 -0.154815
v 2.489644 0.564068 -0.154815
v 2.489644 0.752348 -0.135102
v 2.056574 0.658208 -0.154815
v 2.229802 0.658208 -0.135102
v 2.143188 0.564068 -0.154815
v 2.143188 0.752348 -0.135102
v 2.056574 1.034767 -0.154815
v 2.229802 1.034767 -0.135102
v 2.143188 0.940627 -0.135102
v 2.143188 1.128906 -0.154815
v 2.229802 1.128906 -0.154815
v 2.229802 0.940627 -0.120323
v 2.056574 0.940627 -0.154815
v 2.229802 0.752348 -0.120323
v 2.229802 0.564068 -0.154815
v 2.056574 0.564068 -0.154815
v 2.576258 0.752348 -0.154815
v 2.576258 0.564068 -0.154815
v 2.403030 0.564068 -0.154815
v 2.576258 1.128906 -0.154815
v 2.576258 0.940627 -0.154815
v 2.403030 0.940627 -0.120323
v 2.403030 1.128906 -0.154815
v 2.403030 0.752348 -0.120323
v 2.056574 0.752348 -0.154815
v 2.056574 1.128906 -0.154815
vn -0.0000 -0.0000 -1.0000
vn 0.5843 -0.6957 0.4177
vn -1.0000 -0.0000 -0.0000
vn -0.0000 -1.0000 -0.0000
vn 1.0000 -0.0000 -0.0000
vn 0.7307 -0.0000 0.6827
vn -0.0805 0.1255 0.9888
vn -0.0482 0.1346 0.9897
vn -0.0403 0.1368 0.9898
vn -0.2471 0.7802 0.5747
vn -0.1417 0.8694 0.4734
vn -0.0000 0.8691 0.4947
vn 0.1452 0.8681 0.4747
vn 0.2550 0.7773 0.5751
vn 0.4906 0.7141 0.4994
vn 0.4445 0.8027 0.3977
vn 0.0513 0.1349 0.9895
vn 0.0428 0.1371 0.9896
vn -0.1744 0.1614 0.9714
vn -0.0991 0.2684 0.9582
vn -0.1965 0.1808 0.9637
vn -0.2895 0.0912 0.9528
vn -0.0000 -0.9574 0.2889
vn -0.0000 -0.2948 0.9556
vn -0.5625 -0.7089 0.4256
vn -0.7110 -0.0000 0.7032
vn -0.0000 1.0000 0.0029
vn -0.4241 0.8132 0.3986
vn -0.4778 0.7228 0.4992
vn 0.5434 0.5434 0.6399
vn -0.5434 0.5434 0.6399
vn -0.0000 0.6473 0.7623
vn 0.0856 0.1261 0.9883
vn -0.3008 -0.0000 0.9537
vn -0.3776 -0.0000 0.9260
vn 0.0779 -0.0718 0.9944
vn 0.1133 -0.0000 0.9936
vn -0.0000 -0.0000 1.0000
vn -0.0000 -0.1044 0.9945
vn -0.0000 0.2789 0.9603
vn -0.0000 0.3513 0.9363
vn 0.0779 0.0718 0.9944
vn 0.0212 0.1611 0.9867
vn -0.0000 0.1801 0.9837
vn -0.0000 0.1044 0.9945
vn 0.3008 -0.0000 0.9537
vn 0.2745 0.0261 0.9612
vn 0.1053 0.0971 0.9897
vn 0.1746 0.0195 0.9844
vn 0.1744 0.1614 0.9714
vn 0.0991 0.2684 0.9582
vn 0.0283 0.2545 0.9666
vn -0.0000 -0.2789 0.9603
vn 0.0212 -0.1611 0.9867
vn -0.0000 -0.1801 0.9837
vn 0.1744 -0.1614 0.9714
vn 0.2745 -0.0261 0.9612
vn 0.1053 -0.0971 0.9897
vn 0.0283 -0.2545 0.9666
vn 0.1951 -0.0000 0.9808
vn 0.1746 -0.0195 0.9844
vn -0.1744 -0.1614 0.9714
vn -0.2745 -0.0261 0.9612
vn -0.2895 -0.0912 0.9528
vn -0.0212 -0.1611 0.9867
vn -0.1053 -0.0971 0.9897
vn -0.0283 -0.2545 0.9666
vn -0.0779 -0.0718 0.9944
vn -0.1133 -0.0000 0.9936
vn -0.1951 -0.0000 0.9808
vn -0.1746 -0.0195 0.9844
vn -0.2745 0.0261 0.9612
vn -0.0779 0.0718 0.9944
vn -0.0212 0.1611 0.9867
vn -0.1053 0.0971 0.9897
vn -0.1746 0.0195 0.9844
vn -0.0283 0.2545 0.9666
vn -0.0000 -0.3513 0.9363
vn -0.0991 -0.2684 0.9582
vn -0.1965 -0.1808 0.9637
vn 0.3776 -0.0000 0.9260
vn 0.0991 -0.2684 0.9582
vn 0.1965 -0.1808 0.9637
vn 0.2895 -0.0912 0.9528
vn 0.2895 0.0912 0.9528
vn 0.1965 0.1808 0.9637
vt 0.625000 0.500000
vt 0.625000 0.456659
vt 0.582589 0.959055
vt 0.625000 0.959055
vt 0.625000 1.000000
vt 0.582589 1.000000
vt 0.582589 0.000000
vt 0.625000 0.000000
vt 0.625000 0.250000
vt 0.582589 0.250000
vt 0.331659 0.500000
vt 0.375000 0.500000
vt 0.375000 0.750000
vt 0.331659 0.750000
vt 0.582589 0.500000
vt 0.625000 0.750000
vt 0.582589 0.750000
vt 0.582589 0.456659
vt 0.497532 0.456659
vt 0.497532 0.500000
vt 0.497532 0.750000
vt 0.497532 0.000000
vt 0.497532 0.250000
vt 0.497532 0.959055
vt 0.508164 0.959055
vt 0.518796 0.959055
vt 0.529428 0.959055
vt 0.540061 0.959055
vt 0.550693 0.959055
vt 0.561325 0.959055
vt 0.571957 0.959055
vt 0.497532 1.000000
vt 0.482031 0.750000
vt 0.482031 0.769550
vt 0.468863 0.793341
vt 0.375000 0.793341
vt 0.482031 0.000000
vt 0.482031 0.250000
vt 0.482031 0.500000
vt 0.482031 0.456659
vt 0.375000 0.456659
vt 0.375000 0.000000
vt 0.375000 0.250000
vt 0.484166 0.793341
vt 0.497532 0.793341
vt 0.497532 0.814055
vt 0.497532 0.834769
vt 0.497532 0.855484
vt 0.497532 0.876198
vt 0.497532 0.896912
vt 0.497532 0.917627
vt 0.497532 0.938341
vt 0.484166 0.959055
vt 0.482031 0.982846
vt 0.482031 1.000000
vt 0.482031 0.290945
vt 0.375000 0.290945
vt 0.497532 0.290945
vt 0.468863 0.793341
vt 0.468863 0.959055
vt 0.375000 0.959055
vt 0.571957 0.938341
vt 0.582589 0.938341
vt 0.582589 0.290945
vt 0.625000 0.290945
vt 0.125000 0.500000
vt 0.165945 0.500000
vt 0.165945 0.750000
vt 0.125000 0.750000
vt 0.582589 0.793341
vt 0.625000 0.793341
vt 0.582589 0.917627
vt 0.582589 0.896912
vt 0.582589 0.876198
vt 0.582589 0.855484
vt 0.582589 0.834769
vt 0.582589 0.814055
vt 0.571957 0.793341
vt 0.561325 0.793341
vt 0.550693 0.793341
vt 0.540061 0.793341
vt 0.529428 0.793341
vt 0.518796 0.793341
vt 0.508164 0.793341
vt 0.834055 0.500000
vt 0.875000 0.500000
vt 0.875000 0.750000
vt 0.834055 0.750000
vt 0.484166 0.793341
vt 0.484166 0.959055
vt 0.481685 0.793341
vt 0.468863 0.959055
vt 0.375000 1.000000
vt 0.668341 0.500000
vt 0.668341 0.750000
vt 0.529428 0.938341
vt 0.540061 0.938341
vt 0.529428 0.855484
vt 0.540061 0.855484
vt 0.540061 0.876198
vt 0.529428 0.876198
vt 0.571957 0.855484
vt 0.571957 0.876198
vt 0.550693 0.855484
vt 0.561325 0.855484
vt 0.561325 0.876198
vt 0.550693 0.876198
vt 0.550693 0.814055
vt 0.561325 0.814055
vt 0.561325 0.834769
vt 0.550693 0.834769
vt 0.571957 0.814055
vt 0.571957 0.834769
vt 0.508164 0.855484
vt 0.518796 0.855484
vt 0.518796 0.876198
vt 0.508164 0.876198
vt 0.508164 0.814055
vt 0.518796 0.814055
vt 0.518796 0.834769
vt 0.508164 0.834769
vt 0.529428 0.814055
vt 0.540061 0.814055
vt 0.540061 0.834769
vt 0.529428 0.834769
vt 0.508164 0.938341
vt 0.518796 0.938341
vt 0.508164 0.896912
vt 0.518796 0.896912
vt 0.518796 0.917627
vt 0.508164 0.917627
vt 0.529428 0.896912
vt 0.540061 0.896912
vt 0.540061 0.917627
vt 0.529428 0.917627
vt 0.550693 0.938341
vt 0.561325 0.938341
vt 0.550693 0.896912
vt 0.561325 0.896912
vt 0.561325 0.917627
vt 0.550693 0.917627
vt 0.571957 0.896912
vt 0.571957 0.917627
s 1
usemtl Material.005
f 1/1/1 32/2/1 50/2/1 47/1/1
f 26/3/2 22/4/2 7/5/2 10/6/2
f 10/7/3 7/8/3 5/9/3 12/10/3
f 36/11/4 2/12/4 4/13/4 31/14/4
f 9/15/5 1/1/5 3/16/5 11/17/5
f 33/18/1 32/2/1 1/1/1 9/15/1
f 34/19/1 33/18/1 9/15/1 13/20/1
f 13/20/5 9/15/5 11/17/5 14/21/5
f 16/22/3 10/7/3 12/10/3 15/23/3
f 27/24/6 76/25/6 60/26/6 88/27/6 55/28/6 80/29/6 64/30/6 92/31/6 26/3/6 10/6/6 16/32/6
f 4/13/7 18/33/7 46/34/7 45/35/8 31/36/9
f 20/37/3 16/22/3 15/23/3 19/38/3
f 17/39/5 13/20/5 14/21/5 18/33/5
f 35/40/1 34/19/1 13/20/1 17/39/1
f 36/41/1 35/40/1 17/39/1 2/12/1
f 2/12/5 17/39/5 18/33/5 4/13/5
f 8/42/3 20/37/3 19/38/3 6/43/3
f 44/44/10 39/45/11 91/46/12 63/47/12 79/48/12 54/49/12 87/50/12 59/51/12 75/52/12 27/24/13 42/53/14
f 43/54/15 42/53/14 27/24/13 16/32/16 20/55/16
f 6/43/1 19/38/1 29/56/1 21/57/1
f 19/38/1 15/23/1 28/58/1 29/56/1
f 31/36/9 45/59/8 41/60/17 23/61/18
f 15/23/1 12/10/1 25/64/1 28/58/1
f 12/10/1 5/9/1 24/65/1 25/64/1
f 6/66/4 21/67/4 23/68/4 8/69/4
f 38/70/23 37/71/23 22/4/23 26/3/23 74/63/23 58/72/23 86/73/23 53/74/23 78/75/23 62/76/23 90/77/23
f 3/16/5 1/1/5 47/1/5 48/16/5
f 37/71/24 3/16/24 48/16/24 51/71/24
f 11/17/25 3/16/25 37/71/25 38/70/25
f 14/21/26 11/17/26 38/70/26 93/78/26 65/79/26 81/80/26 56/81/26 89/82/26 61/83/26 77/84/26 39/45/26
f 52/85/27 49/86/27 30/87/27 40/88/27
f 18/33/28 14/21/28 39/45/11 44/89/10 46/34/29
f 21/57/1 29/56/1 35/40/1 36/41/1
f 29/56/1 28/58/1 34/19/1 35/40/1
f 28/58/1 25/64/1 33/18/1 34/19/1
f 25/64/1 24/65/1 32/2/1 33/18/1
f 21/67/4 36/11/4 31/14/4 23/68/4
f 41/60/30 42/90/14 43/54/15
f 44/44/10 45/91/31 46/34/29
f 44/44/10 42/53/14 41/60/32 45/59/32
f 23/61/18 41/92/17 43/54/33 20/55/33 8/93/33
f 50/94/27 52/85/27 40/88/27 51/95/27
f 47/1/27 50/94/27 51/95/27 48/16/27
f 24/65/1 5/9/1 49/9/1 52/65/1
f 7/5/24 22/4/24 40/4/24 30/5/24
f 22/4/24 37/71/24 51/71/24 40/4/24
f 32/2/1 24/65/1 52/65/1 50/2/1
f 5/9/3 7/8/3 30/8/3 49/9/3
usemtl Material.010
f 129/62/19 74/63/20 26/3/21 92/31/22
f 128/96/34 82/97/34 55/28/35 88/27/35
f 127/98/36 83/99/37 57/100/38 96/101/39
f 126/102/40 78/75/41 53/74/41 97/103/40
f 125/104/42 98/105/43 69/106/44 85/107/45
f 124/108/46 99/109/47 70/110/48 100/111/49
f 123/112/50 90/77/51 62/76/41 101/113/52
f 122/114/53 102/115/54 68/116/55 84/117/53
f 121/118/56 103/119/57 71/120/58 104/121/59
f 120/122/46 95/123/46 67/124/60 105/125/61
f 119/126/62 106/127/63 60/26/35 76/25/64
f 118/128/53 107/129/65 72/130/66 108/131/67
f 117/132/68 94/133/69 66/134/70 109/135/71
f 116/136/34 110/137/72 64/30/35 80/29/35
f 115/138/73 111/139/74 73/140/75 112/141/76
f 114/142/40 86/73/41 58/72/41 113/143/77
f 111/139/74 114/142/40 113/143/77 73/140/75
f 69/106/44 97/103/40 114/142/40 111/139/74
f 97/103/40 53/74/41 86/73/41 114/142/40
f 94/133/69 115/138/73 112/141/76 66/134/70
f 57/100/38 85/107/45 115/138/73 94/133/69
f 85/107/45 69/106/44 111/139/74 115/138/73
f 82/97/34 116/136/34 80/29/35 55/28/35
f 66/134/70 112/141/76 116/136/34 82/97/34
f 112/141/76 73/140/75 110/137/72 116/136/34
f 107/129/65 117/132/68 109/135/71 72/130/66
f 68/116/55 96/101/39 117/132/68 107/129/65
f 96/101/39 57/100/38 94/133/69 117/132/68
f 87/50/78 118/128/53 108/131/67 59/51/78
f 54/49/78 84/117/53 118/128/53 87/50/78
f 84/117/53 68/116/55 107/129/65 118/128/53
f 75/52/79 119/126/62 76/25/64 27/24/80
f 59/51/78 108/131/67 119/126/62 75/52/79
f 108/131/67 72/130/66 106/127/63 119/126/62
f 103/119/57 120/122/46 105/125/61 71/120/58
f 61/83/81 89/82/81 120/122/46 103/119/57
f 89/82/81 56/81/81 95/123/46 120/122/46
f 91/46/82 121/118/56 104/121/59 63/47/78
f 39/45/83 77/84/84 121/118/56 91/46/82
f 77/84/84 61/83/81 103/119/57 121/118/56
f 79/48/78 122/114/53 84/117/53 54/49/78
f 63/47/78 104/121/59 122/114/53 79/48/78
f 104/121/59 71/120/58 102/115/54 122/114/53
f 99/109/47 123/112/50 101/113/52 70/110/48
f 65/79/81 93/78/85 123/112/50 99/109/47
f 93/78/85 38/70/86 90/77/51 123/112/50
f 95/123/46 124/108/46 100/111/49 67/124/60
f 56/81/81 81/80/81 124/108/46 95/123/46
f 81/80/81 65/79/81 99/109/47 124/108/46
f 83/99/37 125/104/42 85/107/45 57/100/38
f 67/124/60 100/111/49 125/104/42 83/99/37
f 100/111/49 70/110/48 98/105/43 125/104/42
f 98/105/43 126/102/40 97/103/40 69/106/44
f 70/110/48 101/113/52 126/102/40 98/105/43
f 101/113/52 62/76/41 78/75/41 126/102/40
f 102/115/54 127/98/36 96/101/39 68/116/55
f 71/120/58 105/125/61 127/98/36 102/115/54
f 105/125/61 67/124/60 83/99/37 127/98/36
f 106/127/63 128/96/34 88/27/35 60/26/35
f 72/130/66 109/135/71 128/96/34 106/127/63
f 109/135/71 66/134/70 82/97/34 128/96/34
f 110/137/72 129/62/19 92/31/22 64/30/35
f 73/140/75 113/143/77 129/62/19 110/137/72
f 113/143/77 58/72/41 74/63/20 129/62/19
o Sphere.001
v 2.538642 0.453054 0.341011
v 2.538642 0.436177 0.324134
v 2.538642 0.414125 0.314999
v 2.538642 0.402191 0.313824
v 2.538642 0.390256 0.314999
v 2.538642 0.368205 0.324134
v 2.540971 0.462189 0.363292
v 2.543209 0.458707 0.352037
v 2.545273 0.453054 0.341664
v 2.547081 0.445447 0.332572
v 2.548565 0.436177 0.325111
v 2.549668 0.425601 0.319567
v 2.550347 0.414125 0.316152
v 2.550576 0.402191 0.314999
v 2.550347 0.390256 0.316152
v 2.549668 0.378781 0.319567
v 2.548565 0.368205 0.325111
v 2.547081 0.358935 0.332572
v 2.545273 0.351327 0.341664
v 2.543209 0.345674 0.352037
v 2.540971 0.342193 0.363292
v 2.543209 0.462189 0.363972
v 2.547601 0.458707 0.353369
v 2.551648 0.453054 0.343598
v 2.555196 0.445447 0.335034
v 2.558107 0.436177 0.328005
v 2.560270 0.425601 0.322783
v 2.561602 0.414125 0.319567
v 2.562052 0.402191 0.318481
v 2.561602 0.390256 0.319567
v 2.560270 0.378781 0.322783
v 2.558107 0.368205 0.328005
v 2.555196 0.358935 0.335034
v 2.551648 0.351327 0.343598
v 2.547601 0.345674 0.353369
v 2.543209 0.342193 0.363972
v 2.545273 0.462189 0.365074
v 2.551648 0.458707 0.355533
v 2.557524 0.453054 0.346739
v 2.562674 0.445447 0.339031
v 2.566900 0.436177 0.332706
v 2.570041 0.425601 0.328005
v 2.571975 0.414125 0.325111
v 2.572628 0.402191 0.324134
v 2.571975 0.390256 0.325111
v 2.570041 0.378781 0.328005
v 2.566900 0.368205 0.332706
v 2.562674 0.358935 0.339031
v 2.557524 0.351327 0.346739
v 2.551648 0.345674 0.355533
v 2.545273 0.342193 0.365074
v 2.547081 0.462189 0.366559
v 2.555196 0.458707 0.358444
v 2.562674 0.453054 0.350966
v 2.569229 0.445447 0.344411
v 2.574608 0.436177 0.339031
v 2.578606 0.425601 0.335034
v 2.581067 0.414125 0.332572
v 2.581898 0.402191 0.331741
v 2.581067 0.390256 0.332572
v 2.578606 0.378781 0.335034
v 2.574608 0.368205 0.339031
v 2.569229 0.358935 0.344411
v 2.562674 0.351327 0.350966
v 2.555196 0.345674 0.358444
v 2.547081 0.342193 0.366559
v 2.548565 0.462189 0.368367
v 2.558107 0.458707 0.361991
v 2.566900 0.453054 0.356116
v 2.574608 0.445447 0.350966
v 2.580934 0.436177 0.346739
v 2.585634 0.425601 0.343598
v 2.588529 0.414125 0.341664
v 2.589506 0.402191 0.341011
v 2.588529 0.390256 0.341664
v 2.585634 0.378781 0.343598
v 2.580934 0.368205 0.346739
v 2.574608 0.358935 0.350966
v 2.566900 0.351327 0.356116
v 2.558107 0.345674 0.361991
v 2.548565 0.342193 0.368367
v 2.538642 0.463364 0.374997
v 2.549668 0.462189 0.370430
v 2.560270 0.458707 0.366039
v 2.570041 0.453054 0.361991
v 2.578606 0.445447 0.358444
v 2.585634 0.436177 0.355533
v 2.590857 0.425601 0.353369
v 2.594073 0.414125 0.352037
v 2.595159 0.402191 0.351587
v 2.594073 0.390256 0.352037
v 2.590857 0.378781 0.353369
v 2.585634 0.368205 0.355533
v 2.578606 0.358935 0.358444
v 2.570041 0.351327 0.361991
v 2.560270 0.345674 0.366039
v 2.549668 0.342193 0.370430
v 2.550347 0.462189 0.372669
v 2.561602 0.458707 0.370430
v 2.571975 0.453054 0.368367
v 2.581067 0.445447 0.366559
v 2.588529 0.436177 0.365074
v 2.594073 0.425601 0.363972
v 2.597487 0.414125 0.363292
v 2.598640 0.402191 0.363063
v 2.597487 0.390256 0.363292
v 2.594073 0.378781 0.363972
v 2.588529 0.368205 0.365074
v 2.581067 0.358935 0.366559
v 2.571975 0.351327 0.368367
v 2.561602 0.345674 0.370430
v 2.550347 0.342193 0.372669
v 2.550576 0.462189 0.374997
v 2.562052 0.458707 0.374997
v 2.572628 0.453054 0.374997
v 2.581898 0.445447 0.374997
v 2.589506 0.436177 0.374997
v 2.595159 0.425601 0.374997
v 2.598640 0.414125 0.374997
v 2.599815 0.402191 0.374997
v 2.598640 0.390256 0.374997
v 2.595159 0.378781 0.374997
v 2.589506 0.368205 0.374997
v 2.581898 0.358935 0.374997
v 2.572628 0.351327 0.374997
v 2.562052 0.345674 0.374997
v 2.550576 0.342193 0.374997
v 2.550347 0.462189 0.377326
v 2.561602 0.458707 0.379564
v 2.571975 0.453054 0.381628
v 2.581067 0.445447 0.383436
v 2.588529 0.436177 0.384920
v 2.594073 0.425601 0.386023
v 2.597487 0.414125 0.386702
v 2.598640 0.402191 0.386932
v 2.597487 0.390256 0.386702
v 2.594073 0.378781 0.386023
v 2.588529 0.368205 0.384920
v 2.581067 0.358935 0.383436
v 2.571975 0.351327 0.381628
v 2.561602 0.345674 0.379564
v 2.550347 0.342193 0.377326
v 2.549668 0.462189 0.379564
v 2.560270 0.458707 0.383956
v 2.570041 0.453054 0.388003
v 2.578606 0.445447 0.391551
v 2.585634 0.436177 0.394462
v 2.590857 0.425601 0.396625
v 2.594073 0.414125 0.397958
v 2.595159 0.402191 0.398407
v 2.594073 0.390256 0.397958
v 2.590857 0.378781 0.396625
v 2.585634 0.368205 0.394462
v 2.578606 0.358935 0.391551
v 2.570041 0.351327 0.388003
v 2.560270 0.345674 0.383956
v 2.549668 0.342193 0.379564
v 2.548565 0.462189 0.381628
v 2.558107 0.458707 0.388003
v 2.566900 0.453054 0.393879
v 2.574608 0.445447 0.399029
v 2.580934 0.436177 0.403256
v 2.585634 0.425601 0.406396
v 2.588529 0.414125 0.408330
v 2.589506 0.402191 0.408983
v 2.588529 0.390256 0.408330
v 2.585634 0.378781 0.406396
v 2.580934 0.368205 0.403256
v 2.574608 0.358935 0.399029
v 2.566900 0.351327 0.393879
v 2.558107 0.345674 0.388003
v 2.548565 0.342193 0.381628
v 2.547081 0.462189 0.383436
v 2.555196 0.458707 0.391551
v 2.562674 0.453054 0.399029
v 2.569229 0.445447 0.405584
v 2.574608 0.436177 0.410963
v 2.578606 0.425601 0.414961
v 2.581067 0.414125 0.417422
v 2.581898 0.402191 0.418253
v 2.581067 0.390256 0.417422
v 2.578606 0.378781 0.414961
v 2.574608 0.368205 0.410963
v 2.569229 0.358935 0.405584
v 2.562674 0.351327 0.399029
v 2.555196 0.345674 0.391551
v 2.547081 0.342193 0.383436
v 2.545273 0.462189 0.384920
v 2.551648 0.458707 0.394462
v 2.557524 0.453054 0.403256
v 2.562674 0.445447 0.410963
v 2.566900 0.436177 0.417289
v 2.570041 0.425601 0.421989
v 2.571975 0.414125 0.424884
v 2.572628 0.402191 0.425861
v 2.571975 0.390256 0.424884
v 2.570041 0.378781 0.421989
v 2.566900 0.368205 0.417289
v 2.562674 0.358935 0.410963
v 2.557524 0.351327 0.403256
v 2.551648 0.345674 0.394462
v 2.545273 0.342193 0.384920
v 2.543209 0.462189 0.386023
v 2.547601 0.458707 0.396625
v 2.551648 0.453054 0.406396
v 2.555196 0.445447 0.414961
v 2.558107 0.436177 0.421989
v 2.560270 0.425601 0.427212
v 2.561602 0.414125 0.430428
v 2.562052 0.402191 0.431514
v 2.561602 0.390256 0.430428
v 2.560270 0.378781 0.427212
v 2.558107 0.368205 0.421989
v 2.555196 0.358935 0.414961
v 2.551648 0.351327 0.406396
v 2.547601 0.345674 0.396625
v 2.543209 0.342193 0.386023
v 2.540971 0.462189 0.386702
v 2.543209 0.458707 0.397958
v 2.545273 0.453054 0.408330
v 2.547081 0.445447 0.417422
v 2.548565 0.436177 0.424884
v 2.549668 0.425601 0.430428
v 2.550347 0.414125 0.433842
v 2.550576 0.402191 0.434995
v 2.550347 0.390256 0.433842
v 2.549668 0.378781 0.430428
v 2.548565 0.368205 0.424884
v 2.547081 0.358935 0.417422
v 2.545273 0.351327 0.408330
v 2.543209 0.345674 0.397958
v 2.540971 0.342193 0.386702
v 2.538642 0.462189 0.386932
v 2.538642 0.458707 0.398407
v 2.538642 0.453054 0.408983
v 2.538642 0.445447 0.418253
v 2.538642 0.436177 0.425861
v 2.538642 0.425601 0.431514
v 2.538642 0.414125 0.434995
v 2.538642 0.402191 0.436171
v 2.538642 0.390256 0.434995
v 2.538642 0.378781 0.431514
v 2.538642 0.368205 0.425861
v 2.538642 0.358935 0.418253
v 2.538642 0.351327 0.408983
v 2.538642 0.345674 0.398407
v 2.538642 0.342193 0.386932
v 2.536314 0.462189 0.386702
v 2.534075 0.458707 0.397958
v 2.532012 0.453054 0.408330
v 2.530203 0.445447 0.417422
v 2.528719 0.436177 0.424884
v 2.527616 0.425601 0.430428
v 2.526937 0.414125 0.433842
v 2.526708 0.402191 0.434995
v 2.526937 0.390256 0.433842
v 2.527616 0.378781 0.430428
v 2.528719 0.368205 0.424884
v 2.530203 0.358935 0.417422
v 2.532012 0.351327 0.408330
v 2.534075 0.345674 0.397958
v 2.536314 0.342193 0.386702
v 2.534075 0.462189 0.386023
v 2.529684 0.458707 0.396625
v 2.525636 0.453054 0.406396
v 2.522089 0.445447 0.414961
v 2.519177 0.436177 0.421989
v 2.517014 0.425601 0.427212
v 2.515682 0.414125 0.430428
v 2.515232 0.402191 0.431514
v 2.515682 0.390256 0.430428
v 2.517014 0.378781 0.427212
v 2.519177 0.368205 0.421989
v 2.522089 0.358935 0.414961
v 2.525636 0.351327 0.406396
v 2.529684 0.345674 0.396625
v 2.534075 0.342193 0.386023
v 2.532012 0.462189 0.384920
v 2.525636 0.458707 0.394462
v 2.519761 0.453054 0.403256
v 2.514610 0.445447 0.410963
v 2.510384 0.436177 0.417289
v 2.507243 0.425601 0.421989
v 2.505309 0.414125 0.424884
v 2.504656 0.402191 0.425861
v 2.505309 0.390256 0.424884
v 2.507243 0.378781 0.421989
v 2.510384 0.368205 0.417289
v 2.514610 0.358935 0.410963
v 2.519761 0.351327 0.403256
v 2.525636 0.345674 0.394462
v 2.532012 0.342193 0.384920
v 2.530203 0.462189 0.383436
v 2.522089 0.458707 0.391551
v 2.514610 0.453054 0.399029
v 2.508055 0.445447 0.405584
v 2.502676 0.436177 0.410963
v 2.498679 0.425601 0.414961
v 2.496217 0.414125 0.417422
v 2.495386 0.402191 0.418253
v 2.496217 0.390256 0.417422
v 2.498679 0.378781 0.414961
v 2.502676 0.368205 0.410963
v 2.508055 0.358935 0.405584
v 2.514610 0.351327 0.399029
v 2.522089 0.345674 0.391551
v 2.530203 0.342193 0.383436
v 2.538642 0.341017 0.374997
v 2.528719 0.462189 0.381628
v 2.519177 0.458707 0.388003
v 2.510384 0.453054 0.393879
v 2.502676 0.445447 0.399029
v 2.496351 0.436177 0.403256
v 2.491650 0.425601 0.406396
v 2.488756 0.414125 0.408330
v 2.487778 0.402191 0.408983
v 2.488756 0.390256 0.408330
v 2.491650 0.378781 0.406396
v 2.496351 0.368205 0.403256
v 2.502676 0.358935 0.399029
v 2.510384 0.351327 0.393879
v 2.519177 0.345674 0.388003
v 2.528719 0.342193 0.381628
v 2.527616 0.462189 0.379564
v 2.517014 0.458707 0.383956
v 2.507243 0.453054 0.388003
v 2.498679 0.445447 0.391551
v 2.491650 0.436177 0.394462
v 2.486428 0.425601 0.396625
v 2.483211 0.414125 0.397958
v 2.482126 0.402191 0.398407
v 2.483211 0.390256 0.397958
v 2.486428 0.378781 0.396625
v 2.491650 0.368205 0.394462
v 2.498679 0.358935 0.391551
v 2.507243 0.351327 0.388003
v 2.517014 0.345674 0.383956
v 2.527616 0.342193 0.379564
v 2.526937 0.462189 0.377326
v 2.515682 0.458707 0.379564
v 2.505309 0.453054 0.381628
v 2.496217 0.445447 0.383436
v 2.488756 0.436177 0.384920
v 2.483211 0.425601 0.386023
v 2.479797 0.414125 0.386702
v 2.478644 0.402191 0.386932
v 2.479797 0.390256 0.386702
v 2.483211 0.378781 0.386023
v 2.488756 0.368205 0.384920
v 2.496217 0.358935 0.383436
v 2.505309 0.351327 0.381628
v 2.515682 0.345674 0.379564
v 2.526937 0.342193 0.377326
v 2.526708 0.462189 0.374997
v 2.515232 0.458707 0.374997
v 2.504656 0.453054 0.374997
v 2.495386 0.445447 0.374997
v 2.487778 0.436177 0.374997
v 2.482126 0.425601 0.374997
v 2.478644 0.414125 0.374997
v 2.477469 0.402191 0.374997
v 2.478644 0.390256 0.374997
v 2.482126 0.378781 0.374997
v 2.487778 0.368205 0.374997
v 2.495386 0.358935 0.374997
v 2.504656 0.351327 0.374997
v 2.515232 0.345674 0.374997
v 2.526708 0.342193 0.374997
v 2.526937 0.462189 0.372669
v 2.515682 0.458707 0.370430
v 2.505309 0.453054 0.368367
v 2.496217 0.445447 0.366559
v 2.488756 0.436177 0.365074
v 2.483211 0.425601 0.363972
v 2.479797 0.414125 0.363292
v 2.478644 0.402191 0.363063
v 2.479797 0.390256 0.363292
v 2.483211 0.378781 0.363972
v 2.488756 0.368205 0.365074
v 2.496217 0.358935 0.366559
v 2.505309 0.351327 0.368367
v 2.515682 0.345674 0.370430
v 2.526937 0.342193 0.372669
v 2.527616 0.462189 0.370430
v 2.517014 0.458707 0.366039
v 2.507243 0.453054 0.361991
v 2.498679 0.445447 0.358444
v 2.491650 0.436177 0.355533
v 2.486428 0.425601 0.353369
v 2.483211 0.414125 0.352037
v 2.482126 0.402191 0.351587
v 2.483211 0.390256 0.352037
v 2.486428 0.378781 0.353369
v 2.491650 0.368205 0.355533
v 2.498679 0.358935 0.358444
v 2.507243 0.351327 0.361991
v 2.517014 0.345674 0.366039
v 2.527616 0.342193 0.370430
v 2.528719 0.462189 0.368367
v 2.519177 0.458707 0.361991
v 2.510384 0.453054 0.356116
v 2.502676 0.445447 0.350966
v 2.496351 0.436177 0.346739
v 2.491650 0.425601 0.343598
v 2.488756 0.414125 0.341664
v 2.487778 0.402191 0.341011
v 2.488756 0.390256 0.341664
v 2.491650 0.378781 0.343598
v 2.496351 0.368205 0.346739
v 2.502676 0.358935 0.350966
v 2.510384 0.351327 0.356116
v 2.519177 0.345674 0.361991
v 2.528719 0.342193 0.368367
v 2.530203 0.462189 0.366559
v 2.522089 0.458707 0.358444
v 2.514611 0.453054 0.350966
v 2.508055 0.445447 0.344411
v 2.502676 0.436177 0.339031
v 2.498679 0.425601 0.335034
v 2.496217 0.414125 0.332572
v 2.495386 0.402191 0.331741
v 2.496217 0.390256 0.332572
v 2.498679 0.378781 0.335034
v 2.502676 0.368205 0.339031
v 2.508055 0.358935 0.344411
v 2.514611 0.351327 0.350966
v 2.522089 0.345674 0.358444
v 2.530203 0.342193 0.366559
v 2.532012 0.462189 0.365074
v 2.525636 0.458707 0.355533
v 2.519761 0.453054 0.346739
v 2.514610 0.445447 0.339031
v 2.510384 0.436177 0.332706
v 2.507243 0.425601 0.328005
v 2.505309 0.414125 0.325111
v 2.504656 0.402191 0.324134
v 2.505309 0.390256 0.325111
v 2.507243 0.378781 0.328005
v 2.510384 0.368205 0.332706
v 2.514610 0.358935 0.339031
v 2.519761 0.351327 0.346739
v 2.525636 0.345674 0.355533
v 2.532012 0.342193 0.365074
v 2.534075 0.462189 0.363972
v 2.529684 0.458707 0.353369
v 2.525636 0.453054 0.343598
v 2.522089 0.445447 0.335034
v 2.519177 0.436177 0.328005
v 2.517014 0.425601 0.322783
v 2.515682 0.414125 0.319567
v 2.515232 0.402191 0.318481
v 2.515682 0.390256 0.319567
v 2.517014 0.378781 0.322783
v 2.519177 0.368205 0.328005
v 2.522089 0.358935 0.335034
v 2.525636 0.351327 0.343598
v 2.529684 0.345674 0.353369
v 2.534075 0.342193 0.363972
v 2.536314 0.462189 0.363292
v 2.534075 0.458707 0.352037
v 2.532012 0.453054 0.341664
v 2.530203 0.445447 0.332572
v 2.528719 0.436177 0.325111
v 2.527616 0.425601 0.319567
v 2.526937 0.414125 0.316152
v 2.526708 0.402191 0.315000
v 2.526937 0.390256 0.316152
v 2.527616 0.378781 0.319567
v 2.528719 0.368205 0.325111
v 2.530203 0.358935 0.332572
v 2.532012 0.351327 0.341664
v 2.534075 0.345674 0.352037
v 2.536314 0.342193 0.363292
v 2.538642 0.462189 0.363063
v 2.538642 0.458707 0.351587
v 2.538642 0.445447 0.331741
v 2.538642 0.425601 0.318481
v 2.538642 0.378781 0.318481
v 2.538642 0.358935 0.331741
v 2.538642 0.351327 0.341011
v 2.538642 0.345674 0.351587
v 2.538642 0.342193 0.363063
v 2.244372 0.201607 0.173586
v 2.244372 0.270104 0.215851
v 2.252223 0.201201 0.174244
v 2.252223 0.269698 0.216509
v 2.259772 0.199998 0.176193
v 2.259772 0.268495 0.218458
v 2.266730 0.198045 0.179358
v 2.266730 0.266543 0.221623
v 2.272828 0.195417 0.183618
v 2.272828 0.263915 0.225882
v 2.277833 0.192215 0.188807
v 2.277833 0.260712 0.231072
v 2.281552 0.188562 0.194729
v 2.281552 0.257059 0.236993
v 2.283842 0.184597 0.201153
v 2.283842 0.253094 0.243418
v 2.284615 0.180475 0.207835
v 2.284615 0.248972 0.250099
v 2.283842 0.176352 0.214517
v 2.283842 0.244849 0.256781
v 2.281552 0.172388 0.220941
v 2.281552 0.240885 0.263206
v 2.277833 0.168734 0.226862
v 2.277833 0.237231 0.269127
v 2.272828 0.165532 0.232052
v 2.272828 0.234029 0.274317
v 2.266730 0.162904 0.236312
v 2.266730 0.231401 0.278576
v 2.259772 0.160951 0.239477
v 2.259772 0.229448 0.281741
v 2.252223 0.159748 0.241425
v 2.252223 0.228246 0.283690
v 2.244372 0.159342 0.242084
v 2.244372 0.227840 0.284348
v 2.236521 0.159748 0.241425
v 2.236521 0.228246 0.283690
v 2.228971 0.160951 0.239477
v 2.228971 0.229448 0.281741
v 2.222014 0.162904 0.236312
v 2.222014 0.231401 0.278576
v 2.215915 0.165532 0.232052
v 2.215915 0.234029 0.274317
v 2.210911 0.168734 0.226862
v 2.210911 0.237231 0.269127
v 2.207191 0.172388 0.220941
v 2.207191 0.240885 0.263206
v 2.204901 0.176352 0.214517
v 2.204901 0.244849 0.256781
v 2.204128 0.180475 0.207835
v 2.204128 0.248972 0.250099
v 2.204901 0.184597 0.201153
v 2.204901 0.253094 0.243418
v 2.207191 0.188562 0.194729
v 2.207191 0.257059 0.236993
v 2.210911 0.192215 0.188807
v 2.210911 0.260712 0.231072
v 2.215915 0.195417 0.183618
v 2.215915 0.263915 0.225882
v 2.222014 0.198045 0.179358
v 2.222014 0.266543 0.221623
v 2.228971 0.199998 0.176193
v 2.228971 0.268495 0.218458
v 2.236521 0.201201 0.174244
v 2.236521 0.269698 0.216509
v 2.088162 0.201607 0.173586
v 2.088162 0.270104 0.215851
v 2.096014 0.201201 0.174244
v 2.096014 0.269698 0.216509
v 2.103563 0.199998 0.176193
v 2.103563 0.268495 0.218458
v 2.110520 0.198045 0.179358
v 2.110520 0.266543 0.221623
v 2.116619 0.195417 0.183618
v 2.116619 0.263915 0.225882
v 2.121624 0.192215 0.188807
v 2.121624 0.260712 0.231072
v 2.125343 0.188562 0.194729
v 2.125343 0.257059 0.236993
v 2.127633 0.184597 0.201153
v 2.127633 0.253094 0.243418
v 2.128406 0.180475 0.207835
v 2.128406 0.248972 0.250099
v 2.127633 0.176352 0.214517
v 2.127633 0.244849 0.256781
v 2.125343 0.172388 0.220941
v 2.125343 0.240885 0.263206
v 2.121624 0.168734 0.226862
v 2.121624 0.237231 0.269127
v 2.116619 0.165532 0.232052
v 2.116619 0.234029 0.274317
v 2.110520 0.162904 0.236312
v 2.110520 0.231401 0.278576
v 2.103563 0.160951 0.239477
v 2.103563 0.229448 0.281741
v 2.096014 0.159748 0.241425
v 2.096014 0.228246 0.283690
v 2.088162 0.159342 0.242084
v 2.088162 0.227840 0.284348
v 2.080311 0.159748 0.241425
v 2.080311 0.228246 0.283690
v 2.072762 0.160951 0.239477
v 2.072762 0.229448 0.281741
v 2.065804 0.162904 0.236312
v 2.065804 0.231401 0.278576
v 2.059706 0.165532 0.232052
v 2.059706 0.234029 0.274317
v 2.054701 0.168734 0.226862
v 2.054701 0.237231 0.269127
v 2.050982 0.172388 0.220941
v 2.050982 0.240885 0.263206
v 2.048692 0.176352 0.214517
v 2.048692 0.244849 0.256781
v 2.047919 0.180475 0.207835
v 2.047919 0.248972 0.250099
v 2.048692 0.184597 0.201153
v 2.048692 0.253094 0.243418
v 2.050982 0.188562 0.194729
v 2.050982 0.257059 0.236993
v 2.054701 0.192215 0.188807
v 2.054701 0.260712 0.231072
v 2.059706 0.195417 0.183618
v 2.059706 0.263915 0.225882
v 2.065804 0.198045 0.179358
v 2.065804 0.266543 0.221623
v 2.072762 0.199998 0.176193
v 2.072762 0.268495 0.218458
v 2.080311 0.201201 0.174244
v 2.080311 0.269698 0.216509
v 2.162291 0.237599 0.114418
v 2.162291 0.306096 0.156683
v 2.170142 0.237193 0.115076
v 2.170142 0.305690 0.157341
v 2.177692 0.235990 0.117025
v 2.177692 0.304487 0.159290
v 2.184649 0.234037 0.120190
v 2.184649 0.302534 0.162455
v 2.190747 0.231409 0.124449
v 2.190747 0.299906 0.166714
v 2.195752 0.228207 0.129639
v 2.195752 0.296704 0.171904
v 2.199471 0.224553 0.135560
v 2.199471 0.293050 0.177825
v 2.201761 0.220589 0.141985
v 2.201761 0.289086 0.184250
v 2.202535 0.216466 0.148667
v 2.202535 0.284964 0.190931
v 2.201761 0.212344 0.155348
v 2.201761 0.280841 0.197613
v 2.199471 0.208379 0.161773
v 2.199471 0.276877 0.204038
v 2.195752 0.204726 0.167694
v 2.195752 0.273223 0.209959
v 2.190747 0.201524 0.172884
v 2.190747 0.270021 0.215149
v 2.184649 0.198896 0.177143
v 2.184649 0.267393 0.219408
v 2.177692 0.196943 0.180308
v 2.177692 0.265440 0.222573
v 2.170142 0.195740 0.182257
v 2.170142 0.264237 0.224522
v 2.162291 0.195334 0.182915
v 2.162291 0.263831 0.225180
v 2.154440 0.195740 0.182257
v 2.154440 0.264237 0.224522
v 2.146891 0.196943 0.180308
v 2.146891 0.265440 0.222573
v 2.139933 0.198896 0.177143
v 2.139933 0.267393 0.219408
v 2.133835 0.201524 0.172884
v 2.133835 0.270021 0.215149
v 2.128830 0.204726 0.167694
v 2.128830 0.273223 0.209959
v 2.125111 0.208379 0.161773
v 2.125111 0.276877 0.204038
v 2.122821 0.212344 0.155348
v 2.122821 0.280841 0.197613
v 2.122048 0.216466 0.148667
v 2.122048 0.284964 0.190931
v 2.122821 0.220589 0.141985
v 2.122821 0.289086 0.184250
v 2.125111 0.224553 0.135560
v 2.125111 0.293050 0.177825
v 2.128830 0.228207 0.129639
v 2.128830 0.296704 0.171904
v 2.133835 0.231409 0.124449
v 2.133835 0.299906 0.166714
v 2.139933 0.234037 0.120190
v 2.139933 0.302534 0.162455
v 2.146891 0.235990 0.117025
v 2.146891 0.304487 0.159290
v 2.154440 0.237193 0.115076
v 2.154440 0.305690 0.157341
v 2.162291 0.163701 0.230766
v 2.162291 0.232198 0.273030
v 2.170142 0.163295 0.231424
v 2.170142 0.231792 0.273688
v 2.177692 0.162092 0.233373
v 2.177692 0.230590 0.275637
v 2.184649 0.160140 0.236538
v 2.184649 0.228637 0.278802
v 2.190747 0.157512 0.240797
v 2.190747 0.226009 0.283061
v 2.195752 0.154309 0.245987
v 2.195752 0.222806 0.288251
v 2.199471 0.150656 0.251908
v 2.199471 0.219153 0.294172
v 2.201761 0.146692 0.258333
v 2.201761 0.215189 0.300597
v 2.202535 0.142569 0.265014
v 2.202535 0.211066 0.307279
v 2.201761 0.138446 0.271696
v 2.201761 0.206943 0.313960
v 2.199471 0.134482 0.278121
v 2.199471 0.202979 0.320385
v 2.195752 0.130828 0.284042
v 2.195752 0.199326 0.326306
v 2.190747 0.127626 0.289232
v 2.190747 0.196123 0.331496
v 2.184649 0.124998 0.293491
v 2.184649 0.193495 0.335755
v 2.177692 0.123045 0.296656
v 2.177692 0.191542 0.338920
v 2.170142 0.121843 0.298605
v 2.170142 0.190340 0.340869
v 2.162291 0.121437 0.299263
v 2.162291 0.189934 0.341527
v 2.154440 0.121843 0.298605
v 2.154440 0.190340 0.340869
v 2.146891 0.123045 0.296656
v 2.146891 0.191542 0.338920
v 2.139933 0.124998 0.293491
v 2.139933 0.193495 0.335755
v 2.133835 0.127626 0.289232
v 2.133835 0.196123 0.331496
v 2.128830 0.130828 0.284042
v 2.128830 0.199326 0.326306
v 2.125111 0.134482 0.278121
v 2.125111 0.202979 0.320385
v 2.122821 0.138446 0.271696
v 2.122821 0.206943 0.313960
v 2.122048 0.142569 0.265014
v 2.122048 0.211066 0.307279
v 2.122821 0.146692 0.258333
v 2.122821 0.215189 0.300597
v 2.125111 0.150656 0.251908
v 2.125111 0.219153 0.294172
v 2.128830 0.154309 0.245987
v 2.128830 0.222806 0.288251
v 2.133835 0.157512 0.240797
v 2.133835 0.226009 0.283061
v 2.139933 0.160140 0.236538
v 2.139933 0.228637 0.278802
v 2.146891 0.162092 0.233373
v 2.146891 0.230590 0.275637
v 2.154440 0.163295 0.231424
v 2.154440 0.231792 0.273688
v 2.485756 0.304654 0.039883
v 2.485756 0.354248 0.070484
v 2.491440 0.304360 0.040360
v 2.491440 0.353954 0.070961
v 2.496906 0.303489 0.041771
v 2.496906 0.353084 0.072372
v 2.501944 0.302075 0.044062
v 2.501944 0.351670 0.074663
v 2.506359 0.300173 0.047146
v 2.506359 0.349767 0.077747
v 2.509983 0.297854 0.050904
v 2.509983 0.347448 0.081505
v 2.512675 0.295209 0.055191
v 2.512675 0.344803 0.085792
v 2.514333 0.292339 0.059843
v 2.514333 0.341933 0.090444
v 2.514893 0.289354 0.064681
v 2.514893 0.338948 0.095282
v 2.514333 0.286369 0.069518
v 2.514333 0.335963 0.100119
v 2.512675 0.283498 0.074170
v 2.512675 0.333093 0.104771
v 2.509983 0.280853 0.078457
v 2.509983 0.330447 0.109058
v 2.506359 0.278535 0.082215
v 2.506359 0.328129 0.112816
v 2.501944 0.276632 0.085299
v 2.501944 0.326226 0.115900
v 2.496906 0.275218 0.087590
v 2.496906 0.324812 0.118191
v 2.491440 0.274347 0.089001
v 2.491440 0.323941 0.119602
v 2.485756 0.274053 0.089478
v 2.485756 0.323647 0.120079
v 2.480071 0.274347 0.089001
v 2.480071 0.323941 0.119602
v 2.474605 0.275218 0.087590
v 2.474605 0.324812 0.118191
v 2.469568 0.276632 0.085299
v 2.469568 0.326226 0.115900
v 2.465152 0.278535 0.082215
v 2.465152 0.328129 0.112816
v 2.461529 0.280853 0.078457
v 2.461529 0.330447 0.109058
v 2.458836 0.283498 0.074170
v 2.458836 0.333093 0.104771
v 2.457178 0.286369 0.069518
v 2.457178 0.335963 0.100119
v 2.456618 0.289354 0.064681
v 2.456618 0.338948 0.095282
v 2.457178 0.292339 0.059843
v 2.457178 0.341933 0.090444
v 2.458836 0.295209 0.055191
v 2.458836 0.344803 0.085792
v 2.461529 0.297854 0.050904
v 2.461529 0.347448 0.081505
v 2.465152 0.300173 0.047146
v 2.465152 0.349767 0.077747
v 2.469568 0.302075 0.044062
v 2.469568 0.351670 0.074663
v 2.474605 0.303489 0.041771
v 2.474605 0.353084 0.072372
v 2.480071 0.304360 0.040360
v 2.480071 0.353954 0.070961
v 2.372655 0.304654 0.039883
v 2.372655 0.354248 0.070484
v 2.378339 0.304360 0.040360
v 2.378339 0.353954 0.070961
v 2.383805 0.303489 0.041771
v 2.383805 0.353084 0.072372
v 2.388843 0.302075 0.044062
v 2.388843 0.351670 0.074663
v 2.393258 0.300173 0.047146
v 2.393258 0.349767 0.077747
v 2.396882 0.297854 0.050904
v 2.396882 0.347448 0.081505
v 2.399574 0.295209 0.055191
v 2.399574 0.344803 0.085792
v 2.401232 0.292339 0.059843
v 2.401232 0.341933 0.090444
v 2.401792 0.289354 0.064681
v 2.401792 0.338948 0.095282
v 2.401232 0.286369 0.069518
v 2.401232 0.335963 0.100119
v 2.399574 0.283498 0.074170
v 2.399574 0.333093 0.104771
v 2.396882 0.280853 0.078457
v 2.396882 0.330447 0.109058
v 2.393258 0.278535 0.082215
v 2.393258 0.328129 0.112816
v 2.388843 0.276632 0.085299
v 2.388843 0.326226 0.115900
v 2.383805 0.275218 0.087590
v 2.383805 0.324812 0.118191
v 2.378339 0.274347 0.089001
v 2.378339 0.323941 0.119602
v 2.372655 0.274053 0.089478
v 2.372655 0.323647 0.120079
v 2.366970 0.274347 0.089001
v 2.366970 0.323941 0.119602
v 2.361504 0.275218 0.087590
v 2.361504 0.324812 0.118191
v 2.356467 0.276632 0.085299
v 2.356467 0.326226 0.115900
v 2.352051 0.278535 0.082215
v 2.352051 0.328129 0.112816
v 2.348428 0.280853 0.078457
v 2.348428 0.330447 0.109058
v 2.345735 0.283498 0.074170
v 2.345735 0.333093 0.104771
v 2.344077 0.286369 0.069518
v 2.344077 0.335963 0.100119
v 2.343517 0.289354 0.064681
v 2.343517 0.338948 0.095282
v 2.344077 0.292339 0.059843
v 2.344077 0.341933 0.090444
v 2.345735 0.295209 0.055191
v 2.345735 0.344803 0.085792
v 2.348428 0.297854 0.050904
v 2.348428 0.347448 0.081505
v 2.352051 0.300173 0.047146
v 2.352051 0.349767 0.077747
v 2.356467 0.302075 0.044062
v 2.356467 0.351670 0.074663
v 2.361504 0.303489 0.041771
v 2.361504 0.353084 0.072372
v 2.366970 0.304360 0.040360
v 2.366970 0.353954 0.070961
v 2.426327 0.330713 -0.002956
v 2.426327 0.380308 0.027645
v 2.432011 0.330419 -0.002480
v 2.432011 0.380014 0.028121
v 2.437477 0.329549 -0.001069
v 2.437477 0.379143 0.029532
v 2.442514 0.328135 0.001223
v 2.442514 0.377729 0.031824
v 2.446930 0.326232 0.004306
v 2.446930 0.375826 0.034907
v 2.450554 0.323913 0.008064
v 2.450554 0.373508 0.038665
v 2.453246 0.321268 0.012351
v 2.453246 0.370862 0.042952
v 2.454904 0.318398 0.017003
v 2.454904 0.367992 0.047604
v 2.455464 0.315413 0.021841
v 2.455464 0.365007 0.052442
v 2.454904 0.312428 0.026678
v 2.454904 0.362022 0.057279
v 2.453246 0.309558 0.031330
v 2.453246 0.359152 0.061931
v 2.450554 0.306912 0.035617
v 2.450554 0.356507 0.066218
v 2.446930 0.304594 0.039375
v 2.446930 0.354188 0.069976
v 2.442514 0.302691 0.042459
v 2.442514 0.352285 0.073060
v 2.437477 0.301277 0.044750
v 2.437477 0.350871 0.075351
v 2.432011 0.300406 0.046161
v 2.432011 0.350001 0.076762
v 2.426327 0.300112 0.046638
v 2.426327 0.349707 0.077239
v 2.420642 0.300406 0.046161
v 2.420642 0.350001 0.076762
v 2.415176 0.301277 0.044750
v 2.415176 0.350871 0.075351
v 2.410138 0.302691 0.042459
v 2.410138 0.352285 0.073060
v 2.405723 0.304594 0.039375
v 2.405723 0.354188 0.069976
v 2.402099 0.306912 0.035617
v 2.402099 0.356507 0.066218
v 2.399407 0.309558 0.031330
v 2.399407 0.359152 0.061931
v 2.397749 0.312428 0.026678
v 2.397749 0.362022 0.057279
v 2.397189 0.315413 0.021841
v 2.397189 0.365007 0.052442
v 2.397749 0.318398 0.017003
v 2.397749 0.367992 0.047604
v 2.399407 0.321268 0.012351
v 2.399407 0.370862 0.042952
v 2.402099 0.323913 0.008064
v 2.402099 0.373508 0.038665
v 2.405723 0.326232 0.004306
v 2.405723 0.375826 0.034907
v 2.410138 0.328135 0.001223
v 2.410138 0.377729 0.031824
v 2.415176 0.329549 -0.001069
v 2.415176 0.379143 0.029532
v 2.420642 0.330419 -0.002480
v 2.420642 0.380014 0.028121
v 2.426327 0.277209 0.081283
v 2.426327 0.326803 0.111884
v 2.432011 0.276915 0.081760
v 2.432011 0.326509 0.112361
v 2.437477 0.276044 0.083171
v 2.437477 0.325639 0.113772
v 2.442514 0.274630 0.085462
v 2.442514 0.324225 0.116063
v 2.446930 0.272728 0.088546
v 2.446930 0.322322 0.119147
v 2.450554 0.270409 0.092304
v 2.450554 0.320003 0.122905
v 2.453246 0.267764 0.096591
v 2.453246 0.317358 0.127192
v 2.454904 0.264893 0.101243
v 2.454904 0.314488 0.131844
v 2.455464 0.261908 0.106080
v 2.455464 0.311503 0.136681
v 2.454904 0.258924 0.110918
v 2.454904 0.308518 0.141519
v 2.453246 0.256053 0.115570
v 2.453246 0.305648 0.146171
v 2.450554 0.253408 0.119857
v 2.450554 0.303002 0.150458
v 2.446930 0.251089 0.123615
v 2.446930 0.300684 0.154215
v 2.442514 0.249187 0.126698
v 2.442514 0.298781 0.157299
v 2.437477 0.247773 0.128990
v 2.437477 0.297367 0.159591
v 2.432011 0.246902 0.130401
v 2.432011 0.296496 0.161002
v 2.426327 0.246608 0.130877
v 2.426327 0.296202 0.161478
v 2.420642 0.246902 0.130401
v 2.420642 0.296496 0.161002
v 2.415176 0.247773 0.128990
v 2.415176 0.297367 0.159591
v 2.410138 0.249187 0.126698
v 2.410138 0.298781 0.157299
v 2.405723 0.251089 0.123615
v 2.405723 0.300684 0.154215
v 2.402099 0.253408 0.119857
v 2.402099 0.303002 0.150458
v 2.399407 0.256053 0.115570
v 2.399407 0.305648 0.146171
v 2.397749 0.258924 0.110918
v 2.397749 0.308518 0.141519
v 2.397189 0.261908 0.106080
v 2.397189 0.311503 0.136681
v 2.397749 0.264893 0.101243
v 2.397749 0.314488 0.131844
v 2.399407 0.267764 0.096591
v 2.399407 0.317358 0.127192
v 2.402099 0.270409 0.092304
v 2.402099 0.320003 0.122905
v 2.405723 0.272728 0.088546
v 2.405723 0.322322 0.119147
v 2.410138 0.274630 0.085462
v 2.410138 0.324225 0.116063
v 2.415176 0.276044 0.083171
v 2.415176 0.325639 0.113772
v 2.420642 0.276915 0.081760
v 2.420642 0.326509 0.112361
v 2.533284 0.199143 0.233844
v 2.533284 0.372240 0.326808
v 2.539687 0.198845 0.234399
v 2.539687 0.371942 0.327363
v 2.545844 0.197961 0.236045
v 2.545844 0.371058 0.329009
v 2.551518 0.196526 0.238717
v 2.551518 0.369623 0.331681
v 2.556491 0.194595 0.242312
v 2.556491 0.367692 0.335276
v 2.560573 0.192242 0.246694
v 2.560573 0.365339 0.339658
v 2.563606 0.189557 0.251693
v 2.563606 0.362654 0.344657
v 2.565474 0.186644 0.257117
v 2.565474 0.359741 0.350081
v 2.566104 0.183614 0.262758
v 2.566104 0.356711 0.355722
v 2.565474 0.180585 0.268399
v 2.565474 0.353682 0.361363
v 2.563606 0.177672 0.273823
v 2.563606 0.350769 0.366787
v 2.560573 0.174987 0.278822
v 2.560573 0.348084 0.371786
v 2.556491 0.172634 0.283204
v 2.556491 0.345731 0.376168
v 2.551518 0.170703 0.286799
v 2.551518 0.343800 0.379764
v 2.545844 0.169268 0.289471
v 2.545844 0.342365 0.382435
v 2.539687 0.168384 0.291117
v 2.539687 0.341481 0.384081
v 2.533284 0.168086 0.291672
v 2.533284 0.341183 0.384636
v 2.526881 0.168384 0.291117
v 2.526881 0.341481 0.384081
v 2.520724 0.169268 0.289471
v 2.520724 0.342365 0.382435
v 2.515049 0.170703 0.286799
v 2.515049 0.343800 0.379764
v 2.510076 0.172634 0.283204
v 2.510076 0.345731 0.376168
v 2.505994 0.174987 0.278822
v 2.505994 0.348084 0.371786
v 2.502961 0.177672 0.273823
v 2.502961 0.350769 0.366787
v 2.501094 0.180585 0.268399
v 2.501094 0.353682 0.361363
v 2.500463 0.183614 0.262758
v 2.500463 0.356711 0.355722
v 2.501094 0.186644 0.257117
v 2.501094 0.359741 0.350081
v 2.502961 0.189557 0.251693
v 2.502961 0.362654 0.344657
v 2.505994 0.192242 0.246694
v 2.505994 0.365339 0.339658
v 2.510076 0.194595 0.242312
v 2.510076 0.367692 0.335276
v 2.515049 0.196526 0.238717
v 2.515049 0.369623 0.331681
v 2.520724 0.197961 0.236045
v 2.520724 0.371058 0.329009
v 2.526881 0.198845 0.234399
v 2.526881 0.371942 0.327363
vn -0.0000 0.8286 -0.5598
vn -0.0000 0.5528 -0.8333
vn -0.0000 0.1939 -0.9810
vn -0.0000 -0.0000 -1.0000
vn -0.0000 -0.1939 -0.9810
vn -0.0000 -0.5528 -0.8333
vn 0.0392 0.9796 -0.1971
vn 0.0757 0.9217 -0.3804
vn 0.1092 0.8286 -0.5490
vn 0.1385 0.7041 -0.6965
vn 0.1626 0.5528 -0.8173
vn 0.1804 0.3805 -0.9070
vn 0.1914 0.1939 -0.9622
vn 0.1951 -0.0000 -0.9808
vn 0.1914 -0.1939 -0.9622
vn 0.1804 -0.3805 -0.9070
vn 0.1626 -0.5528 -0.8173
vn 0.1385 -0.7041 -0.6965
vn 0.1092 -0.8286 -0.5490
vn 0.0757 -0.9217 -0.3804
vn 0.0392 -0.9796 -0.1971
vn 0.0769 0.9796 -0.1857
vn 0.1484 0.9217 -0.3584
vn 0.2142 0.8286 -0.5172
vn 0.2718 0.7041 -0.6561
vn 0.3189 0.5528 -0.7699
vn 0.3539 0.3805 -0.8544
vn 0.3754 0.1939 -0.9063
vn 0.3827 -0.0000 -0.9239
vn 0.3754 -0.1939 -0.9063
vn 0.3539 -0.3805 -0.8544
vn 0.3189 -0.5528 -0.7699
vn 0.2718 -0.7041 -0.6561
vn 0.2142 -0.8286 -0.5172
vn 0.1484 -0.9217 -0.3584
vn 0.0769 -0.9796 -0.1857
vn 0.1116 0.9796 -0.1671
vn 0.2155 0.9217 -0.3225
vn 0.3110 0.8286 -0.4654
vn 0.3945 0.7041 -0.5905
vn 0.4630 0.5528 -0.6929
vn 0.5138 0.3805 -0.7689
vn 0.5450 0.1939 -0.8157
vn 0.5556 -0.0000 -0.8315
vn 0.5450 -0.1939 -0.8157
vn 0.5138 -0.3805 -0.7689
vn 0.4630 -0.5528 -0.6929
vn 0.3945 -0.7041 -0.5905
vn 0.3110 -0.8286 -0.4654
vn 0.2155 -0.9217 -0.3225
vn 0.1117 -0.9796 -0.1671
vn 0.1421 0.9796 -0.1421
vn 0.2743 0.9217 -0.2743
vn 0.3958 0.8286 -0.3958
vn 0.5021 0.7041 -0.5021
vn 0.5893 0.5528 -0.5893
vn 0.6539 0.3805 -0.6539
vn 0.6937 0.1939 -0.6937
vn 0.7071 -0.0000 -0.7071
vn 0.6937 -0.1939 -0.6937
vn 0.6539 -0.3805 -0.6539
vn 0.5893 -0.5528 -0.5893
vn 0.5021 -0.7041 -0.5021
vn 0.3958 -0.8286 -0.3958
vn 0.2743 -0.9217 -0.2743
vn 0.1421 -0.9796 -0.1421
vn 0.1671 0.9796 -0.1117
vn 0.3225 0.9217 -0.2155
vn 0.4654 0.8286 -0.3110
vn 0.5905 0.7041 -0.3945
vn 0.6929 0.5528 -0.4630
vn 0.7689 0.3805 -0.5138
vn 0.8157 0.1939 -0.5450
vn 0.8315 -0.0000 -0.5556
vn 0.8157 -0.1939 -0.5450
vn 0.7689 -0.3805 -0.5138
vn 0.6929 -0.5528 -0.4630
vn 0.5905 -0.7041 -0.3945
vn 0.4654 -0.8286 -0.3110
vn 0.3225 -0.9217 -0.2155
vn 0.1671 -0.9796 -0.1117
vn -0.0000 1.0000 -0.0000
vn 0.1857 0.9796 -0.0769
vn 0.3584 0.9217 -0.1484
vn 0.5172 0.8286 -0.2142
vn 0.6561 0.7041 -0.2718
vn 0.7699 0.5528 -0.3189
vn 0.8544 0.3805 -0.3539
vn 0.9063 0.1939 -0.3754
vn 0.9239 -0.0000 -0.3827
vn 0.9063 -0.1939 -0.3754
vn 0.8544 -0.3805 -0.3539
vn 0.7699 -0.5528 -0.3189
vn 0.6561 -0.7041 -0.2718
vn 0.5172 -0.8286 -0.2142
vn 0.3584 -0.9217 -0.1484
vn 0.1857 -0.9796 -0.0769
vn 0.1971 0.9796 -0.0392
vn 0.3804 0.9217 -0.0757
vn 0.5490 0.8286 -0.1092
vn 0.6965 0.7041 -0.1385
vn 0.8173 0.5528 -0.1626
vn 0.9070 0.3805 -0.1804
vn 0.9622 0.1939 -0.1914
vn 0.9808 -0.0000 -0.1951
vn 0.9622 -0.1939 -0.1914
vn 0.9070 -0.3805 -0.1804
vn 0.8173 -0.5528 -0.1626
vn 0.6965 -0.7041 -0.1385
vn 0.5490 -0.8286 -0.1092
vn 0.3804 -0.9217 -0.0757
vn 0.1971 -0.9796 -0.0392
vn 0.2010 0.9796 -0.0000
vn 0.3879 0.9217 -0.0000
vn 0.5598 0.8286 -0.0000
vn 0.7101 0.7041 -0.0000
vn 0.8333 0.5528 -0.0000
vn 0.9248 0.3805 -0.0000
vn 0.9810 0.1939 -0.0000
vn 1.0000 -0.0000 -0.0000
vn 0.9810 -0.1939 -0.0000
vn 0.9248 -0.3805 -0.0000
vn 0.8333 -0.5528 -0.0000
vn 0.7101 -0.7041 -0.0000
vn 0.5598 -0.8286 -0.0000
vn 0.3879 -0.9217 -0.0000
vn 0.2010 -0.9796 -0.0000
vn 0.1971 0.9796 0.0392
vn 0.3804 0.9217 0.0757
vn 0.5490 0.8286 0.1092
vn 0.6965 0.7041 0.1385
vn 0.8173 0.5528 0.1626
vn 0.9070 0.3805 0.1804
vn 0.9622 0.1939 0.1914
vn 0.9808 -0.0000 0.1951
vn 0.9622 -0.1939 0.1914
vn 0.9070 -0.3805 0.1804
vn 0.8173 -0.5528 0.1626
vn 0.6965 -0.7041 0.1385
vn 0.5490 -0.8286 0.1092
vn 0.3804 -0.9217 0.0757
vn 0.1971 -0.9796 0.0392
vn 0.1857 0.9796 0.0769
vn 0.3584 0.9217 0.1484
vn 0.5172 0.8286 0.2142
vn 0.6561 0.7041 0.2718
vn 0.7699 0.5528 0.3189
vn 0.8544 0.3805 0.3539
vn 0.9063 0.1939 0.3754
vn 0.9239 -0.0000 0.3827
vn 0.9063 -0.1939 0.3754
vn 0.8544 -0.3805 0.3539
vn 0.7699 -0.5528 0.3189
vn 0.6561 -0.7041 0.2718
vn 0.5172 -0.8286 0.2142
vn 0.3584 -0.9217 0.1484
vn 0.1857 -0.9796 0.0769
vn 0.1671 0.9796 0.1117
vn 0.3225 0.9217 0.2155
vn 0.4654 0.8286 0.3110
vn 0.5905 0.7041 0.3945
vn 0.6929 0.5528 0.4630
vn 0.7689 0.3805 0.5138
vn 0.8157 0.1939 0.5450
vn 0.8315 -0.0000 0.5556
vn 0.8157 -0.1939 0.5450
vn 0.7689 -0.3805 0.5138
vn 0.6929 -0.5528 0.4630
vn 0.5905 -0.7041 0.3945
vn 0.4654 -0.8286 0.3110
vn 0.3225 -0.9217 0.2155
vn 0.1671 -0.9796 0.1117
vn 0.1421 0.9796 0.1421
vn 0.2743 0.9217 0.2743
vn 0.3958 0.8286 0.3958
vn 0.5021 0.7041 0.5021
vn 0.5893 0.5528 0.5893
vn 0.6539 0.3805 0.6539
vn 0.6937 0.1939 0.6937
vn 0.7071 -0.0000 0.7071
vn 0.6937 -0.1939 0.6937
vn 0.6539 -0.3805 0.6539
vn 0.5893 -0.5528 0.5893
vn 0.5021 -0.7041 0.5021
vn 0.3958 -0.8286 0.3958
vn 0.2743 -0.9217 0.2743
vn 0.1421 -0.9796 0.1421
vn 0.1116 0.9796 0.1671
vn 0.2155 0.9217 0.3225
vn 0.3110 0.8286 0.4654
vn 0.3945 0.7041 0.5905
vn 0.4630 0.5528 0.6929
vn 0.5138 0.3805 0.7689
vn 0.5450 0.1939 0.8157
vn 0.5556 -0.0000 0.8315
vn 0.5450 -0.1939 0.8157
vn 0.5138 -0.3805 0.7689
vn 0.4630 -0.5528 0.6929
vn 0.3945 -0.7041 0.5905
vn 0.3110 -0.8286 0.4654
vn 0.2155 -0.9217 0.3225
vn 0.1116 -0.9796 0.1671
vn 0.0769 0.9796 0.1857
vn 0.1484 0.9217 0.3584
vn 0.2142 0.8286 0.5172
vn 0.2718 0.7041 0.6561
vn 0.3189 0.5528 0.7699
vn 0.3539 0.3805 0.8544
vn 0.3754 0.1939 0.9063
vn 0.3827 -0.0000 0.9239
vn 0.3754 -0.1939 0.9063
vn 0.3539 -0.3805 0.8544
vn 0.3189 -0.5528 0.7699
vn 0.2718 -0.7041 0.6561
vn 0.2142 -0.8286 0.5172
vn 0.1484 -0.9217 0.3584
vn 0.0769 -0.9796 0.1857
vn 0.0392 0.9796 0.1971
vn 0.0757 0.9217 0.3804
vn 0.1092 0.8286 0.5490
vn 0.1385 0.7041 0.6965
vn 0.1626 0.5528 0.8173
vn 0.1804 0.3805 0.9070
vn 0.1914 0.1939 0.9622
vn 0.1951 -0.0000 0.9808
vn 0.1914 -0.1939 0.9622
vn 0.1804 -0.3805 0.9070
vn 0.1626 -0.5528 0.8173
vn 0.1385 -0.7041 0.6965
vn 0.1092 -0.8286 0.5490
vn 0.0757 -0.9217 0.3804
vn 0.0392 -0.9796 0.1971
vn -0.0000 0.9796 0.2010
vn -0.0000 0.9217 0.3879
vn -0.0000 0.8286 0.5598
vn -0.0000 0.7041 0.7101
vn -0.0000 0.5528 0.8333
vn -0.0000 0.3805 0.9248
vn -0.0000 0.1939 0.9810
vn -0.0000 -0.0000 1.0000
vn -0.0000 -0.1939 0.9810
vn -0.0000 -0.3805 0.9248
vn -0.0000 -0.5528 0.8333
vn -0.0000 -0.7041 0.7101
vn -0.0000 -0.8286 0.5598
vn -0.0000 -0.9217 0.3879
vn -0.0000 -0.9796 0.2010
vn -0.0392 0.9796 0.1971
vn -0.0757 0.9217 0.3804
vn -0.1092 0.8286 0.5490
vn -0.1385 0.7041 0.6965
vn -0.1626 0.5528 0.8173
vn -0.1804 0.3805 0.9070
vn -0.1914 0.1939 0.9622
vn -0.1951 -0.0000 0.9808
vn -0.1914 -0.1939 0.9622
vn -0.1804 -0.3805 0.9070
vn -0.1626 -0.5528 0.8173
vn -0.1385 -0.7041 0.6965
vn -0.1092 -0.8286 0.5490
vn -0.0757 -0.9217 0.3804
vn -0.0392 -0.9796 0.1971
vn -0.0769 0.9796 0.1857
vn -0.1484 0.9217 0.3584
vn -0.2142 0.8286 0.5172
vn -0.2718 0.7041 0.6561
vn -0.3189 0.5528 0.7699
vn -0.3539 0.3805 0.8544
vn -0.3754 0.1939 0.9063
vn -0.3827 -0.0000 0.9239
vn -0.3754 -0.1939 0.9063
vn -0.3539 -0.3805 0.8544
vn -0.3189 -0.5528 0.7699
vn -0.2718 -0.7041 0.6561
vn -0.2142 -0.8286 0.5172
vn -0.1484 -0.9217 0.3584
vn -0.0769 -0.9796 0.1857
vn -0.1116 0.9796 0.1671
vn -0.2155 0.9217 0.3225
vn -0.3110 0.8286 0.4654
vn -0.3945 0.7041 0.5905
vn -0.4630 0.5528 0.6929
vn -0.5138 0.3805 0.7689
vn -0.5450 0.1939 0.8157
vn -0.5556 -0.0000 0.8315
vn -0.5450 -0.1939 0.8157
vn -0.5138 -0.3805 0.7689
vn -0.4630 -0.5528 0.6929
vn -0.3945 -0.7041 0.5905
vn -0.3110 -0.8286 0.4654
vn -0.2155 -0.9217 0.3225
vn -0.1116 -0.9796 0.1671
vn -0.1421 0.9796 0.1421
vn -0.2743 0.9217 0.2743
vn -0.3958 0.8286 0.3958
vn -0.5021 0.7041 0.5021
vn -0.5893 0.5528 0.5893
vn -0.6539 0.3805 0.6539
vn -0.6937 0.1939 0.6937
vn -0.7071 -0.0000 0.7071
vn -0.6937 -0.1939 0.6937
vn -0.6539 -0.3805 0.6539
vn -0.5893 -0.5528 0.5893
vn -0.5021 -0.7041 0.5021
vn -0.3958 -0.8286 0.3958
vn -0.2743 -0.9217 0.2743
vn -0.1421 -0.9796 0.1421
vn -0.0000 -1.0000 -0.0000
vn -0.1671 0.9796 0.1117
vn -0.3225 0.9217 0.2155
vn -0.4654 0.8286 0.3110
vn -0.5905 0.7041 0.3945
vn -0.6929 0.5528 0.4630
vn -0.7689 0.3805 0.5138
vn -0.8157 0.1939 0.5450
vn -0.8315 -0.0000 0.5556
vn -0.8157 -0.1939 0.5450
vn -0.7689 -0.3805 0.5138
vn -0.6929 -0.5528 0.4630
vn -0.5905 -0.7041 0.3945
vn -0.4654 -0.8286 0.3110
vn -0.3225 -0.9217 0.2155
vn -0.1671 -0.9796 0.1117
vn -0.1857 0.9796 0.0769
vn -0.3584 0.9217 0.1484
vn -0.5172 0.8286 0.2142
vn -0.6561 0.7041 0.2718
vn -0.7699 0.5528 0.3189
vn -0.8544 0.3805 0.3539
vn -0.9063 0.1939 0.3754
vn -0.9239 -0.0000 0.3827
vn -0.9063 -0.1939 0.3754
vn -0.8544 -0.3805 0.3539
vn -0.7699 -0.5528 0.3189
vn -0.6561 -0.7041 0.2718
vn -0.5172 -0.8286 0.2142
vn -0.3584 -0.9217 0.1484
vn -0.1857 -0.9796 0.0769
vn -0.1971 0.9796 0.0392
vn -0.3804 0.9217 0.0757
vn -0.5490 0.8286 0.1092
vn -0.6965 0.7041 0.1385
vn -0.8173 0.5528 0.1626
vn -0.9070 0.3805 0.1804
vn -0.9622 0.1939 0.1914
vn -0.9808 -0.0000 0.1951
vn -0.9622 -0.1939 0.1914
vn -0.9070 -0.3805 0.1804
vn -0.8173 -0.5528 0.1626
vn -0.6965 -0.7041 0.1385
vn -0.5490 -0.8286 0.1092
vn -0.3804 -0.9217 0.0757
vn -0.1971 -0.9796 0.0392
vn -0.2010 0.9796 -0.0000
vn -0.3879 0.9217 -0.0000
vn -0.5598 0.8286 -0.0000
vn -0.7101 0.7041 -0.0000
vn -0.8333 0.5528 -0.0000
vn -0.9248 0.3805 -0.0000
vn -0.9810 0.1939 -0.0000
vn -1.0000 -0.0000 -0.0000
vn -0.9810 -0.1939 -0.0000
vn -0.9248 -0.3805 -0.0000
vn -0.8333 -0.5528 -0.0000
vn -0.7101 -0.7041 -0.0000
vn -0.5598 -0.8286 -0.0000
vn -0.3879 -0.9217 -0.0000
vn -0.2010 -0.9796 -0.0000
vn -0.1971 0.9796 -0.0392
vn -0.3804 0.9217 -0.0757
vn -0.5490 0.8286 -0.1092
vn -0.6965 0.7041 -0.1385
vn -0.8173 0.5528 -0.1626
vn -0.9070 0.3805 -0.1804
vn -0.9622 0.1939 -0.1914
vn -0.9808 -0.0000 -0.1951
vn -0.9622 -0.1939 -0.1914
vn -0.9070 -0.3805 -0.1804
vn -0.8173 -0.5528 -0.1626
vn -0.6965 -0.7041 -0.1385
vn -0.5490 -0.8286 -0.1092
vn -0.3804 -0.9217 -0.0757
vn -0.1971 -0.9796 -0.0392
vn -0.1857 0.9796 -0.0769
vn -0.3584 0.9217 -0.1484
vn -0.5172 0.8286 -0.2142
vn -0.6561 0.7041 -0.2718
vn -0.7699 0.5528 -0.3189
vn -0.8544 0.3805 -0.3539
vn -0.9063 0.1939 -0.3754
vn -0.9239 -0.0000 -0.3827
vn -0.9063 -0.1939 -0.3754
vn -0.8544 -0.3805 -0.3539
vn -0.7699 -0.5528 -0.3189
vn -0.6561 -0.7041 -0.2718
vn -0.5172 -0.8286 -0.2142
vn -0.3584 -0.9217 -0.1484
vn -0.1857 -0.9796 -0.0769
vn -0.1671 0.9796 -0.1117
vn -0.3225 0.9217 -0.2155
vn -0.4654 0.8286 -0.3110
vn -0.5905 0.7041 -0.3945
vn -0.6929 0.5528 -0.4630
vn -0.7689 0.3805 -0.5138
vn -0.8157 0.1939 -0.5450
vn -0.8315 -0.0000 -0.5556
vn -0.8157 -0.1939 -0.5450
vn -0.7689 -0.3805 -0.5138
vn -0.6929 -0.5528 -0.4630
vn -0.5905 -0.7041 -0.3945
vn -0.4654 -0.8286 -0.3110
vn -0.3225 -0.9217 -0.2155
vn -0.1671 -0.9796 -0.1117
vn -0.1421 0.9796 -0.1421
vn -0.2743 0.9217 -0.2743
vn -0.3958 0.8286 -0.3958
vn -0.5021 0.7041 -0.5021
vn -0.5893 0.5528 -0.5893
vn -0.6539 0.3805 -0.6539
vn -0.6937 0.1939 -0.6937
vn -0.7071 -0.0000 -0.7071
vn -0.6937 -0.1939 -0.6937
vn -0.6539 -0.3805 -0.6539
vn -0.5893 -0.5528 -0.5893
vn -0.5021 -0.7041 -0.5021
vn -0.3958 -0.8286 -0.3958
vn -0.2743 -0.9217 -0.2743
vn -0.1421 -0.9796 -0.1421
vn -0.1116 0.9796 -0.1671
vn -0.2155 0.9217 -0.3225
vn -0.3110 0.8286 -0.4654
vn -0.3945 0.7041 -0.5905
vn -0.4630 0.5528 -0.6929
vn -0.5138 0.3805 -0.7689
vn -0.5450 0.1939 -0.8157
vn -0.5556 -0.0000 -0.8315
vn -0.5450 -0.1939 -0.8157
vn -0.5138 -0.3805 -0.7689
vn -0.4630 -0.5528 -0.6929
vn -0.3945 -0.7041 -0.5905
vn -0.3110 -0.8286 -0.4654
vn -0.2155 -0.9217 -0.3225
vn -0.1116 -0.9796 -0.1671
vn -0.0769 0.9796 -0.1857
vn -0.1484 0.9217 -0.3584
vn -0.2142 0.8286 -0.5172
vn -0.2718 0.7041 -0.6561
vn -0.3189 0.5528 -0.7699
vn -0.3539 0.3805 -0.8544
vn -0.3754 0.1939 -0.9063
vn -0.3827 -0.0000 -0.9239
vn -0.3754 -0.1939 -0.9063
vn -0.3539 -0.3805 -0.8544
vn -0.3189 -0.5528 -0.7699
vn -0.2718 -0.7041 -0.6561
vn -0.2142 -0.8286 -0.5172
vn -0.1484 -0.9217 -0.3584
vn -0.0769 -0.9796 -0.1857
vn -0.0392 0.9796 -0.1971
vn -0.0757 0.9217 -0.3804
vn -0.1092 0.8286 -0.5490
vn -0.1385 0.7041 -0.6965
vn -0.1626 0.5528 -0.8173
vn -0.1804 0.3805 -0.9070
vn -0.1914 0.1939 -0.9622
vn -0.1951 -0.0000 -0.9808
vn -0.1914 -0.1939 -0.9622
vn -0.1804 -0.3805 -0.9070
vn -0.1626 -0.5528 -0.8173
vn -0.1385 -0.7041 -0.6965
vn -0.1092 -0.8286 -0.5490
vn -0.0757 -0.9217 -0.3804
vn -0.0392 -0.9796 -0.1971
vn -0.0000 0.9796 -0.2010
vn -0.0000 0.9217 -0.3879
vn -0.0000 0.7041 -0.7101
vn -0.0000 0.3805 -0.9248
vn -0.0000 -0.3805 -0.9248
vn -0.0000 -0.7041 -0.7101
vn -0.0000 -0.8286 -0.5598
vn -0.0000 -0.9217 -0.3879
vn -0.0000 -0.9796 -0.2010
vn -0.0000 -0.2013 -0.9795
vn -0.0000 0.9658 -0.2594
vn 0.1420 -0.2087 -0.9676
vn 0.1420 0.9584 -0.2475
vn 0.2785 -0.2304 -0.9324
vn 0.2785 0.9367 -0.2122
vn 0.4044 -0.2658 -0.8751
vn 0.4044 0.9014 -0.1550
vn 0.5147 -0.3133 -0.7981
vn 0.5147 0.8538 -0.0780
vn 0.6052 -0.3712 -0.7042
vn 0.6052 0.7959 0.0159
vn 0.6725 -0.4373 -0.5971
vn 0.6725 0.7298 0.1230
vn 0.7139 -0.5090 -0.4809
vn 0.7139 0.6581 0.2392
vn 0.7279 -0.5836 -0.3601
vn 0.7279 0.5836 0.3601
vn 0.7139 -0.6581 -0.2392
vn 0.7139 0.5090 0.4809
vn 0.6725 -0.7298 -0.1230
vn 0.6725 0.4373 0.5971
vn 0.6052 -0.7959 -0.0159
vn 0.6052 0.3712 0.7042
vn 0.5147 -0.8538 0.0780
vn 0.5147 0.3133 0.7981
vn 0.4044 -0.9014 0.1550
vn 0.4044 0.2658 0.8751
vn 0.2785 -0.9367 0.2122
vn 0.2785 0.2304 0.9324
vn 0.1420 -0.9584 0.2475
vn 0.1420 0.2087 0.9676
vn -0.0000 -0.9658 0.2594
vn -0.0000 0.2013 0.9795
vn -0.1420 -0.9584 0.2475
vn -0.1420 0.2087 0.9676
vn -0.2785 -0.9367 0.2122
vn -0.2785 0.2304 0.9324
vn -0.4044 -0.9014 0.1550
vn -0.4044 0.2658 0.8751
vn -0.5147 -0.8538 0.0780
vn -0.5147 0.3133 0.7981
vn -0.6052 -0.7959 -0.0159
vn -0.6052 0.3712 0.7042
vn -0.6725 -0.7298 -0.1230
vn -0.6725 0.4373 0.5971
vn -0.7139 -0.6581 -0.2392
vn -0.7139 0.5090 0.4809
vn -0.7279 -0.5836 -0.3601
vn -0.7279 0.5836 0.3601
vn -0.7139 -0.5090 -0.4809
vn -0.7139 0.6581 0.2392
vn -0.6725 -0.4373 -0.5971
vn -0.6725 0.7298 0.1230
vn -0.6052 -0.3712 -0.7042
vn -0.6052 0.7959 0.0159
vn -0.5147 -0.3133 -0.7981
vn -0.5147 0.8538 -0.0780
vn -0.4044 -0.2658 -0.8751
vn -0.4044 0.9014 -0.1550
vn -0.2785 -0.2304 -0.9324
vn -0.2785 0.9367 -0.2122
vn -0.1420 -0.2087 -0.9676
vn -0.1420 0.9584 -0.2475
vn -0.5147 0.8538 -0.0779
vn 0.5147 0.8538 -0.0779
vn -0.2786 -0.2304 -0.9324
vn 0.2786 -0.2304 -0.9324
vn -0.0000 -0.2597 -0.9657
vn -0.0000 0.9485 -0.3168
vn 0.1420 -0.2663 -0.9534
vn 0.1420 0.9419 -0.3045
vn 0.2786 -0.2859 -0.9169
vn 0.2785 0.9223 -0.2680
vn 0.4044 -0.3177 -0.8576
vn 0.4044 0.8904 -0.2087
vn 0.5147 -0.3606 -0.7779
vn 0.5147 0.8476 -0.1290
vn 0.6052 -0.4128 -0.6807
vn 0.6052 0.7954 -0.0318
vn 0.6725 -0.4723 -0.5698
vn 0.6725 0.7359 0.0790
vn 0.7139 -0.5369 -0.4495
vn 0.7139 0.6713 0.1993
vn 0.7279 -0.6041 -0.3244
vn 0.7279 0.6041 0.3244
vn 0.7139 -0.6713 -0.1993
vn 0.7139 0.5369 0.4495
vn 0.6725 -0.7359 -0.0790
vn 0.6725 0.4723 0.5698
vn 0.6052 -0.7954 0.0318
vn 0.6052 0.4128 0.6807
vn 0.5147 -0.8476 0.1290
vn 0.5147 0.3606 0.7779
vn 0.4044 -0.8904 0.2087
vn 0.4044 0.3177 0.8576
vn 0.2785 -0.9223 0.2680
vn 0.2785 0.2859 0.9169
vn 0.1420 -0.9419 0.3045
vn 0.1420 0.2663 0.9534
vn -0.0000 -0.9485 0.3168
vn -0.0000 0.2597 0.9657
vn -0.1420 -0.9419 0.3045
vn -0.1420 0.2663 0.9534
vn -0.2785 -0.9223 0.2680
vn -0.2785 0.2859 0.9169
vn -0.4044 -0.8904 0.2087
vn -0.4044 0.3177 0.8576
vn -0.5147 -0.8476 0.1290
vn -0.5147 0.3606 0.7779
vn -0.6052 -0.7954 0.0318
vn -0.6052 0.4128 0.6807
vn -0.6725 -0.7359 -0.0790
vn -0.6725 0.4723 0.5698
vn -0.7139 -0.6713 -0.1993
vn -0.7139 0.5369 0.4495
vn -0.7279 -0.6041 -0.3244
vn -0.7279 0.6041 0.3244
vn -0.7139 -0.5369 -0.4495
vn -0.7139 0.6713 0.1993
vn -0.6725 -0.4723 -0.5698
vn -0.6725 0.7359 0.0790
vn -0.6052 -0.4128 -0.6807
vn -0.6052 0.7954 -0.0318
vn -0.5147 -0.3606 -0.7779
vn -0.5147 0.8476 -0.1290
vn -0.4044 -0.3177 -0.8576
vn -0.4044 0.8904 -0.2087
vn -0.2786 -0.2859 -0.9169
vn -0.2785 0.9223 -0.2680
vn -0.1420 -0.2663 -0.9534
vn -0.1420 0.9419 -0.3045
vt 0.750000 0.500000
vt 0.750000 0.562500
vt 0.718750 0.562500
vt 0.718750 0.500000
vt 0.750000 0.937500
vt 0.734375 1.000000
vt 0.718750 0.937500
vt 0.734375 0.000000
vt 0.750000 0.062500
vt 0.718750 0.062500
vt 0.750000 0.437500
vt 0.718750 0.437500
vt 0.750000 0.875000
vt 0.718750 0.875000
vt 0.750000 0.375000
vt 0.718750 0.375000
vt 0.750000 0.812500
vt 0.718750 0.812500
vt 0.750000 0.312500
vt 0.718750 0.312500
vt 0.750000 0.750000
vt 0.718750 0.750000
vt 0.750000 0.250000
vt 0.718750 0.250000
vt 0.750000 0.687500
vt 0.718750 0.687500
vt 0.750000 0.187500
vt 0.718750 0.187500
vt 0.750000 0.625000
vt 0.718750 0.625000
vt 0.750000 0.125000
vt 0.718750 0.125000
vt 0.687500 0.187500
vt 0.687500 0.125000
vt 0.687500 0.625000
vt 0.687500 0.562500
vt 0.687500 0.062500
vt 0.687500 0.500000
vt 0.703125 1.000000
vt 0.687500 0.937500
vt 0.703125 0.000000
vt 0.687500 0.437500
vt 0.687500 0.875000
vt 0.687500 0.375000
vt 0.687500 0.812500
vt 0.687500 0.312500
vt 0.687500 0.750000
vt 0.687500 0.250000
vt 0.687500 0.687500
vt 0.656250 0.375000
vt 0.656250 0.312500
vt 0.656250 0.812500
vt 0.656250 0.750000
vt 0.656250 0.250000
vt 0.656250 0.687500
vt 0.656250 0.187500
vt 0.656250 0.625000
vt 0.656250 0.125000
vt 0.656250 0.562500
vt 0.656250 0.062500
vt 0.656250 0.500000
vt 0.671875 1.000000
vt 0.656250 0.937500
vt 0.671875 0.000000
vt 0.656250 0.437500
vt 0.656250 0.875000
vt 0.625000 0.125000
vt 0.625000 0.062500
vt 0.625000 0.562500
vt 0.625000 0.500000
vt 0.640625 1.000000
vt 0.625000 0.937500
vt 0.640625 0.000000
vt 0.625000 0.437500
vt 0.625000 0.875000
vt 0.625000 0.375000
vt 0.625000 0.812500
vt 0.625000 0.312500
vt 0.625000 0.750000
vt 0.625000 0.250000
vt 0.625000 0.687500
vt 0.625000 0.187500
vt 0.625000 0.625000
vt 0.593750 0.812500
vt 0.593750 0.750000
vt 0.593750 0.312500
vt 0.593750 0.250000
vt 0.593750 0.687500
vt 0.593750 0.187500
vt 0.593750 0.625000
vt 0.593750 0.125000
vt 0.593750 0.562500
vt 0.593750 0.062500
vt 0.593750 0.500000
vt 0.609375 1.000000
vt 0.593750 0.937500
vt 0.609375 0.000000
vt 0.593750 0.437500
vt 0.593750 0.875000
vt 0.593750 0.375000
vt 0.562500 0.562500
vt 0.562500 0.500000
vt 0.578125 1.000000
vt 0.562500 0.937500
vt 0.578125 0.000000
vt 0.562500 0.062500
vt 0.562500 0.437500
vt 0.562500 0.875000
vt 0.562500 0.375000
vt 0.562500 0.812500
vt 0.562500 0.312500
vt 0.562500 0.750000
vt 0.562500 0.250000
vt 0.562500 0.687500
vt 0.562500 0.187500
vt 0.562500 0.625000
vt 0.562500 0.125000
vt 0.531250 0.312500
vt 0.531250 0.250000
vt 0.531250 0.750000
vt 0.531250 0.687500
vt 0.531250 0.187500
vt 0.531250 0.625000
vt 0.531250 0.125000
vt 0.531250 0.562500
vt 0.531250 0.062500
vt 0.531250 0.500000
vt 0.546875 1.000000
vt 0.531250 0.937500
vt 0.546875 0.000000
vt 0.531250 0.437500
vt 0.531250 0.875000
vt 0.531250 0.375000
vt 0.531250 0.812500
vt 0.515625 1.000000
vt 0.500000 0.937500
vt 0.515625 0.000000
vt 0.500000 0.062500
vt 0.500000 0.500000
vt 0.500000 0.437500
vt 0.500000 0.875000
vt 0.500000 0.375000
vt 0.500000 0.812500
vt 0.500000 0.312500
vt 0.500000 0.750000
vt 0.500000 0.250000
vt 0.500000 0.687500
vt 0.500000 0.187500
vt 0.500000 0.625000
vt 0.500000 0.125000
vt 0.500000 0.562500
vt 0.468750 0.750000
vt 0.468750 0.687500
vt 0.468750 0.250000
vt 0.468750 0.187500
vt 0.468750 0.625000
vt 0.468750 0.125000
vt 0.468750 0.562500
vt 0.468750 0.062500
vt 0.468750 0.500000
vt 0.484375 1.000000
vt 0.468750 0.937500
vt 0.484375 0.000000
vt 0.468750 0.437500
vt 0.468750 0.875000
vt 0.468750 0.375000
vt 0.468750 0.812500
vt 0.468750 0.312500
vt 0.437500 0.500000
vt 0.437500 0.437500
vt 0.437500 0.937500
vt 0.437500 0.875000
vt 0.437500 0.375000
vt 0.437500 0.812500
vt 0.437500 0.312500
vt 0.437500 0.750000
vt 0.437500 0.250000
vt 0.437500 0.687500
vt 0.437500 0.187500
vt 0.437500 0.625000
vt 0.437500 0.125000
vt 0.437500 0.562500
vt 0.437500 0.062500
vt 0.453125 1.000000
vt 0.453125 0.000000
vt 0.406250 0.250000
vt 0.406250 0.187500
vt 0.406250 0.687500
vt 0.406250 0.625000
vt 0.406250 0.125000
vt 0.406250 0.562500
vt 0.406250 0.062500
vt 0.406250 0.500000
vt 0.421875 1.000000
vt 0.406250 0.937500
vt 0.421875 0.000000
vt 0.406250 0.437500
vt 0.406250 0.875000
vt 0.406250 0.375000
vt 0.406250 0.812500
vt 0.406250 0.312500
vt 0.406250 0.750000
vt 0.375000 0.437500
vt 0.375000 0.375000
vt 0.375000 0.875000
vt 0.375000 0.812500
vt 0.375000 0.312500
vt 0.375000 0.750000
vt 0.375000 0.250000
vt 0.375000 0.687500
vt 0.375000 0.187500
vt 0.375000 0.625000
vt 0.375000 0.125000
vt 0.375000 0.562500
vt 0.375000 0.062500
vt 0.375000 0.500000
vt 0.390625 1.000000
vt 0.375000 0.937500
vt 0.390625 0.000000
vt 0.343750 0.187500
vt 0.343750 0.125000
vt 0.343750 0.625000
vt 0.343750 0.562500
vt 0.343750 0.062500
vt 0.343750 0.500000
vt 0.359375 1.000000
vt 0.343750 0.937500
vt 0.359375 0.000000
vt 0.343750 0.437500
vt 0.343750 0.875000
vt 0.343750 0.375000
vt 0.343750 0.812500
vt 0.343750 0.312500
vt 0.343750 0.750000
vt 0.343750 0.250000
vt 0.343750 0.687500
vt 0.312500 0.875000
vt 0.312500 0.812500
vt 0.312500 0.375000
vt 0.312500 0.312500
vt 0.312500 0.750000
vt 0.312500 0.250000
vt 0.312500 0.687500
vt 0.312500 0.187500
vt 0.312500 0.625000
vt 0.312500 0.125000
vt 0.312500 0.562500
vt 0.312500 0.062500
vt 0.312500 0.500000
vt 0.328125 1.000000
vt 0.312500 0.937500
vt 0.328125 0.000000
vt 0.312500 0.437500
vt 0.281250 0.625000
vt 0.281250 0.562500
vt 0.281250 0.125000
vt 0.281250 0.062500
vt 0.281250 0.500000
vt 0.296875 1.000000
vt 0.281250 0.937500
vt 0.296875 0.000000
vt 0.281250 0.437500
vt 0.281250 0.875000
vt 0.281250 0.375000
vt 0.281250 0.812500
vt 0.281250 0.312500
vt 0.281250 0.750000
vt 0.281250 0.250000
vt 0.281250 0.687500
vt 0.281250 0.187500
vt 0.250000 0.375000
vt 0.250000 0.312500
vt 0.250000 0.812500
vt 0.250000 0.750000
vt 0.250000 0.250000
vt 0.250000 0.687500
vt 0.250000 0.187500
vt 0.250000 0.625000
vt 0.250000 0.125000
vt 0.250000 0.562500
vt 0.250000 0.062500
vt 0.250000 0.500000
vt 0.265625 1.000000
vt 0.250000 0.937500
vt 0.265625 0.000000
vt 0.250000 0.437500
vt 0.250000 0.875000
vt 0.218750 0.125000
vt 0.218750 0.062500
vt 0.218750 0.562500
vt 0.218750 0.500000
vt 0.234375 1.000000
vt 0.218750 0.937500
vt 0.234375 0.000000
vt 0.218750 0.437500
vt 0.218750 0.875000
vt 0.218750 0.375000
vt 0.218750 0.812500
vt 0.218750 0.312500
vt 0.218750 0.750000
vt 0.218750 0.250000
vt 0.218750 0.687500
vt 0.218750 0.187500
vt 0.218750 0.625000
vt 0.187500 0.812500
vt 0.187500 0.750000
vt 0.187500 0.312500
vt 0.187500 0.250000
vt 0.187500 0.687500
vt 0.187500 0.187500
vt 0.187500 0.625000
vt 0.187500 0.125000
vt 0.187500 0.562500
vt 0.187500 0.062500
vt 0.187500 0.500000
vt 0.203125 1.000000
vt 0.187500 0.937500
vt 0.203125 0.000000
vt 0.187500 0.437500
vt 0.187500 0.875000
vt 0.187500 0.375000
vt 0.156250 0.562500
vt 0.156250 0.500000
vt 0.171875 1.000000
vt 0.156250 0.937500
vt 0.171875 0.000000
vt 0.156250 0.062500
vt 0.156250 0.437500
vt 0.156250 0.875000
vt 0.156250 0.375000
vt 0.156250 0.812500
vt 0.156250 0.312500
vt 0.156250 0.750000
vt 0.156250 0.250000
vt 0.156250 0.687500
vt 0.156250 0.187500
vt 0.156250 0.625000
vt 0.156250 0.125000
vt 0.125000 0.312500
vt 0.125000 0.250000
vt 0.125000 0.750000
vt 0.125000 0.687500
vt 0.125000 0.187500
vt 0.125000 0.625000
vt 0.125000 0.125000
vt 0.125000 0.562500
vt 0.125000 0.062500
vt 0.125000 0.500000
vt 0.140625 1.000000
vt 0.125000 0.937500
vt 0.140625 0.000000
vt 0.125000 0.437500
vt 0.125000 0.875000
vt 0.125000 0.375000
vt 0.125000 0.812500
vt 0.109375 0.000000
vt 0.093750 0.062500
vt 0.093750 0.500000
vt 0.093750 0.437500
vt 0.093750 0.937500
vt 0.093750 0.875000
vt 0.093750 0.375000
vt 0.093750 0.812500
vt 0.093750 0.312500
vt 0.093750 0.750000
vt 0.093750 0.250000
vt 0.093750 0.687500
vt 0.093750 0.187500
vt 0.093750 0.625000
vt 0.093750 0.125000
vt 0.093750 0.562500
vt 0.109375 1.000000
vt 0.062500 0.250000
vt 0.062500 0.187500
vt 0.062500 0.687500
vt 0.062500 0.625000
vt 0.062500 0.125000
vt 0.062500 0.562500
vt 0.062500 0.062500
vt 0.062500 0.500000
vt 0.078125 1.000000
vt 0.062500 0.937500
vt 0.078125 0.000000
vt 0.062500 0.437500
vt 0.062500 0.875000
vt 0.062500 0.375000
vt 0.062500 0.812500
vt 0.062500 0.312500
vt 0.062500 0.750000
vt 0.031250 0.937500
vt 0.031250 0.875000
vt 0.031250 0.437500
vt 0.031250 0.375000
vt 0.031250 0.812500
vt 0.031250 0.312500
vt 0.031250 0.750000
vt 0.031250 0.250000
vt 0.031250 0.687500
vt 0.031250 0.187500
vt 0.031250 0.625000
vt 0.031250 0.125000
vt 0.031250 0.562500
vt 0.031250 0.062500
vt 0.031250 0.500000
vt 0.046875 1.000000
vt 0.046875 0.000000
vt 0.000000 0.687500
vt 0.000000 0.625000
vt 0.000000 0.187500
vt 0.000000 0.125000
vt 0.000000 0.562500
vt 0.000000 0.062500
vt 0.000000 0.500000
vt 0.015625 1.000000
vt 0.000000 0.937500
vt 0.015625 0.000000
vt 0.000000 0.437500
vt 0.000000 0.875000
vt 0.000000 0.375000
vt 0.000000 0.812500
vt 0.000000 0.312500
vt 0.000000 0.750000
vt 0.000000 0.250000
vt 1.000000 0.375000
vt 1.000000 0.437500
vt 0.968750 0.437500
vt 0.968750 0.375000
vt 1.000000 0.812500
vt 1.000000 0.875000
vt 0.968750 0.875000
vt 0.968750 0.812500
vt 1.000000 0.312500
vt 0.968750 0.312500
vt 1.000000 0.750000
vt 0.968750 0.750000
vt 1.000000 0.250000
vt 0.968750 0.250000
vt 1.000000 0.687500
vt 0.968750 0.687500
vt 1.000000 0.187500
vt 0.968750 0.187500
vt 1.000000 0.625000
vt 0.968750 0.625000
vt 1.000000 0.125000
vt 0.968750 0.125000
vt 1.000000 0.562500
vt 0.968750 0.562500
vt 1.000000 0.062500
vt 0.968750 0.062500
vt 1.000000 0.500000
vt 0.968750 0.500000
vt 1.000000 0.937500
vt 0.984375 1.000000
vt 0.968750 0.937500
vt 0.984375 0.000000
vt 0.937500 0.187500
vt 0.937500 0.125000
vt 0.937500 0.625000
vt 0.937500 0.562500
vt 0.937500 0.062500
vt 0.937500 0.500000
vt 0.953125 1.000000
vt 0.937500 0.937500
vt 0.953125 0.000000
vt 0.937500 0.437500
vt 0.937500 0.875000
vt 0.937500 0.375000
vt 0.937500 0.812500
vt 0.937500 0.312500
vt 0.937500 0.750000
vt 0.937500 0.250000
vt 0.937500 0.687500
vt 0.906250 0.875000
vt 0.906250 0.812500
vt 0.906250 0.375000
vt 0.906250 0.312500
vt 0.906250 0.750000
vt 0.906250 0.250000
vt 0.906250 0.687500
vt 0.906250 0.187500
vt 0.906250 0.625000
vt 0.906250 0.125000
vt 0.906250 0.562500
vt 0.906250 0.062500
vt 0.906250 0.500000
vt 0.921875 1.000000
vt 0.906250 0.937500
vt 0.921875 0.000000
vt 0.906250 0.437500
vt 0.875000 0.625000
vt 0.875000 0.562500
vt 0.875000 0.125000
vt 0.875000 0.062500
vt 0.875000 0.500000
vt 0.890625 1.000000
vt 0.875000 0.937500
vt 0.890625 0.000000
vt 0.875000 0.437500
vt 0.875000 0.875000
vt 0.875000 0.375000
vt 0.875000 0.812500
vt 0.875000 0.312500
vt 0.875000 0.750000
vt 0.875000 0.250000
vt 0.875000 0.687500
vt 0.875000 0.187500
vt 0.843750 0.375000
vt 0.843750 0.312500
vt 0.843750 0.812500
vt 0.843750 0.750000
vt 0.843750 0.250000
vt 0.843750 0.687500
vt 0.843750 0.187500
vt 0.843750 0.625000
vt 0.843750 0.125000
vt 0.843750 0.562500
vt 0.843750 0.062500
vt 0.843750 0.500000
vt 0.859375 1.000000
vt 0.843750 0.937500
vt 0.859375 0.000000
vt 0.843750 0.437500
vt 0.843750 0.875000
vt 0.812500 0.125000
vt 0.812500 0.062500
vt 0.812500 0.562500
vt 0.812500 0.500000
vt 0.828125 1.000000
vt 0.812500 0.937500
vt 0.828125 0.000000
vt 0.812500 0.437500
vt 0.812500 0.875000
vt 0.812500 0.375000
vt 0.812500 0.812500
vt 0.812500 0.312500
vt 0.812500 0.750000
vt 0.812500 0.250000
vt 0.812500 0.687500
vt 0.812500 0.187500
vt 0.812500 0.625000
vt 0.781250 0.312500
vt 0.781250 0.250000
vt 0.781250 0.750000
vt 0.781250 0.687500
vt 0.781250 0.187500
vt 0.781250 0.625000
vt 0.781250 0.125000
vt 0.781250 0.562500
vt 0.781250 0.062500
vt 0.781250 0.500000
vt 0.796875 1.000000
vt 0.781250 0.937500
vt 0.796875 0.000000
vt 0.781250 0.437500
vt 0.781250 0.875000
vt 0.781250 0.375000
vt 0.781250 0.812500
vt 0.765625 1.000000
vt 0.765625 0.000000
vt 1.000000 1.000000
vt 0.968750 1.000000
vt 0.968750 0.500000
vt 0.937500 1.000000
vt 0.937500 0.500000
vt 0.906250 1.000000
vt 0.906250 0.500000
vt 0.875000 1.000000
vt 0.875000 0.500000
vt 0.843750 1.000000
vt 0.843750 0.500000
vt 0.812500 1.000000
vt 0.812500 0.500000
vt 0.781250 1.000000
vt 0.781250 0.500000
vt 0.750000 1.000000
vt 0.718750 1.000000
vt 0.687500 1.000000
vt 0.656250 1.000000
vt 0.625000 1.000000
vt 0.593750 1.000000
vt 0.562500 1.000000
vt 0.531250 1.000000
vt 0.500000 1.000000
vt 0.500000 0.500000
vt 0.468750 1.000000
vt 0.468750 0.500000
vt 0.437500 1.000000
vt 0.437500 0.500000
vt 0.406250 1.000000
vt 0.406250 0.500000
vt 0.375000 1.000000
vt 0.375000 0.500000
vt 0.343750 1.000000
vt 0.343750 0.500000
vt 0.312500 1.000000
vt 0.312500 0.500000
vt 0.281250 1.000000
vt 0.281250 0.500000
vt 0.250000 1.000000
vt 0.250000 0.500000
vt 0.218750 1.000000
vt 0.218750 0.500000
vt 0.187500 1.000000
vt 0.187500 0.500000
vt 0.156250 1.000000
vt 0.156250 0.500000
vt 0.125000 1.000000
vt 0.125000 0.500000
vt 0.093750 1.000000
vt 0.093750 0.500000
vt 0.062500 1.000000
vt 0.062500 0.500000
vt 0.296822 0.485388
vt 0.250000 0.490000
vt 0.203178 0.485388
vt 0.158156 0.471731
vt 0.116663 0.449553
vt 0.080294 0.419706
vt 0.050447 0.383337
vt 0.028269 0.341844
vt 0.014612 0.296822
vt 0.010000 0.250000
vt 0.014612 0.203178
vt 0.028269 0.158156
vt 0.050447 0.116663
vt 0.080294 0.080294
vt 0.116663 0.050447
vt 0.158156 0.028269
vt 0.203178 0.014612
vt 0.250000 0.010000
vt 0.296822 0.014612
vt 0.341844 0.028269
vt 0.383337 0.050447
vt 0.419706 0.080294
vt 0.449553 0.116663
vt 0.471731 0.158156
vt 0.485388 0.203178
vt 0.490000 0.250000
vt 0.485388 0.296822
vt 0.471731 0.341844
vt 0.449553 0.383337
vt 0.419706 0.419706
vt 0.383337 0.449553
vt 0.341844 0.471731
vt 0.031250 1.000000
vt 0.031250 0.500000
vt 0.000000 1.000000
vt 0.750000 0.490000
vt 0.796822 0.485388
vt 0.841844 0.471731
vt 0.883337 0.449553
vt 0.919706 0.419706
vt 0.949553 0.383337
vt 0.971731 0.341844
vt 0.985388 0.296822
vt 0.990000 0.250000
vt 0.985388 0.203178
vt 0.971731 0.158156
vt 0.949553 0.116663
vt 0.919706 0.080294
vt 0.883337 0.050447
vt 0.841844 0.028269
vt 0.796822 0.014612
vt 0.750000 0.010000
vt 0.703178 0.014612
vt 0.658156 0.028269
vt 0.616663 0.050447
vt 0.580294 0.080294
vt 0.550447 0.116663
vt 0.528269 0.158156
vt 0.514612 0.203178
vt 0.510000 0.250000
vt 0.514612 0.296822
vt 0.528269 0.341844
vt 0.550447 0.383337
vt 0.580294 0.419706
vt 0.616663 0.449553
vt 0.658156 0.471731
vt 0.703178 0.485388
s 1
usemtl Material.003
f 133/144/90 132/145/89 142/146/99 143/147/100
f 603/148/560 211/149/168 136/150/93
f 437/151/394 611/152/568 150/153/107
f 134/154/91 133/144/90 143/147/100 144/155/101
f 604/156/561 603/148/560 136/150/93 137/157/94
f 607/158/564 134/154/91 144/155/101 145/159/102
f 130/160/87 604/156/561 137/157/94 138/161/95
f 135/162/92 607/158/564 145/159/102 146/163/103
f 605/164/562 130/160/87 138/161/95 139/165/96
f 608/166/565 135/162/92 146/163/103 147/167/104
f 131/168/88 605/164/562 139/165/96 140/169/97
f 609/170/566 608/166/565 147/167/104 148/171/105
f 606/172/563 131/168/88 140/169/97 141/173/98
f 610/174/567 609/170/566 148/171/105 149/175/106
f 132/145/89 606/172/563 141/173/98 142/146/99
f 611/152/568 610/174/567 149/175/106 150/153/107
f 149/175/106 148/171/105 163/176/120 164/177/121
f 142/146/99 141/173/98 156/178/113 157/179/114
f 150/153/107 149/175/106 164/177/121 165/180/122
f 143/147/100 142/146/99 157/179/114 158/181/115
f 136/150/93 211/182/168 151/183/108
f 437/184/394 150/153/107 165/180/122
f 144/155/101 143/147/100 158/181/115 159/185/116
f 137/157/94 136/150/93 151/183/108 152/186/109
f 145/159/102 144/155/101 159/185/116 160/187/117
f 138/161/95 137/157/94 152/186/109 153/188/110
f 146/163/103 145/159/102 160/187/117 161/189/118
f 139/165/96 138/161/95 153/188/110 154/190/111
f 147/167/104 146/163/103 161/189/118 162/191/119
f 140/169/97 139/165/96 154/190/111 155/192/112
f 148/171/105 147/167/104 162/191/119 163/176/120
f 141/173/98 140/169/97 155/192/112 156/178/113
f 161/189/118 160/187/117 175/193/132 176/194/133
f 154/190/111 153/188/110 168/195/125 169/196/126
f 162/191/119 161/189/118 176/194/133 177/197/134
f 155/192/112 154/190/111 169/196/126 170/198/127
f 163/176/120 162/191/119 177/197/134 178/199/135
f 156/178/113 155/192/112 170/198/127 171/200/128
f 164/177/121 163/176/120 178/199/135 179/201/136
f 157/179/114 156/178/113 171/200/128 172/202/129
f 165/180/122 164/177/121 179/201/136 180/203/137
f 158/181/115 157/179/114 172/202/129 173/204/130
f 151/183/108 211/205/168 166/206/123
f 437/207/394 165/180/122 180/203/137
f 159/185/116 158/181/115 173/204/130 174/208/131
f 152/186/109 151/183/108 166/206/123 167/209/124
f 160/187/117 159/185/116 174/208/131 175/193/132
f 153/188/110 152/186/109 167/209/124 168/195/125
f 180/203/137 179/201/136 194/210/151 195/211/152
f 173/204/130 172/202/129 187/212/144 188/213/145
f 166/206/123 211/214/168 181/215/138
f 437/216/394 180/203/137 195/211/152
f 174/208/131 173/204/130 188/213/145 189/217/146
f 167/209/124 166/206/123 181/215/138 182/218/139
f 175/193/132 174/208/131 189/217/146 190/219/147
f 168/195/125 167/209/124 182/218/139 183/220/140
f 176/194/133 175/193/132 190/219/147 191/221/148
f 169/196/126 168/195/125 183/220/140 184/222/141
f 177/197/134 176/194/133 191/221/148 192/223/149
f 170/198/127 169/196/126 184/222/141 185/224/142
f 178/199/135 177/197/134 192/223/149 193/225/150
f 171/200/128 170/198/127 185/224/142 186/226/143
f 179/201/136 178/199/135 193/225/150 194/210/151
f 172/202/129 171/200/128 186/226/143 187/212/144
f 184/222/141 183/220/140 198/227/155 199/228/156
f 192/223/149 191/221/148 206/229/163 207/230/164
f 185/224/142 184/222/141 199/228/156 200/231/157
f 193/225/150 192/223/149 207/230/164 208/232/165
f 186/226/143 185/224/142 200/231/157 201/233/158
f 194/210/151 193/225/150 208/232/165 209/234/166
f 187/212/144 186/226/143 201/233/158 202/235/159
f 195/211/152 194/210/151 209/234/166 210/236/167
f 188/213/145 187/212/144 202/235/159 203/237/160
f 181/215/138 211/238/168 196/239/153
f 437/240/394 195/211/152 210/236/167
f 189/217/146 188/213/145 203/237/160 204/241/161
f 182/218/139 181/215/138 196/239/153 197/242/154
f 190/219/147 189/217/146 204/241/161 205/243/162
f 183/220/140 182/218/139 197/242/154 198/227/155
f 191/221/148 190/219/147 205/243/162 206/229/163
f 203/237/160 202/235/159 218/244/175 219/245/176
f 196/239/153 211/246/168 212/247/169
f 437/248/394 210/236/167 226/249/183
f 204/241/161 203/237/160 219/245/176 220/250/177
f 197/242/154 196/239/153 212/247/169 213/251/170
f 205/243/162 204/241/161 220/250/177 221/252/178
f 198/227/155 197/242/154 213/251/170 214/253/171
f 206/229/163 205/243/162 221/252/178 222/254/179
f 199/228/156 198/227/155 214/253/171 215/255/172
f 207/230/164 206/229/163 222/254/179 223/256/180
f 200/231/157 199/228/156 215/255/172 216/257/173
f 208/232/165 207/230/164 223/256/180 224/258/181
f 201/233/158 200/231/157 216/257/173 217/259/174
f 209/234/166 208/232/165 224/258/181 225/260/182
f 202/235/159 201/233/158 217/259/174 218/244/175
f 210/236/167 209/234/166 225/260/182 226/249/183
f 223/256/180 222/254/179 237/261/194 238/262/195
f 216/257/173 215/255/172 230/263/187 231/264/188
f 224/258/181 223/256/180 238/262/195 239/265/196
f 217/259/174 216/257/173 231/264/188 232/266/189
f 225/260/182 224/258/181 239/265/196 240/267/197
f 218/244/175 217/259/174 232/266/189 233/268/190
f 226/249/183 225/260/182 240/267/197 241/269/198
f 219/245/176 218/244/175 233/268/190 234/270/191
f 212/247/169 211/271/168 227/272/184
f 437/273/394 226/249/183 241/269/198
f 220/250/177 219/245/176 234/270/191 235/274/192
f 213/251/170 212/247/169 227/272/184 228/275/185
f 221/252/178 220/250/177 235/274/192 236/276/193
f 214/253/171 213/251/170 228/275/185 229/277/186
f 222/254/179 221/252/178 236/276/193 237/261/194
f 215/255/172 214/253/171 229/277/186 230/263/187
f 227/272/184 211/278/168 242/279/199
f 437/280/394 241/269/198 256/281/213
f 235/274/192 234/270/191 249/282/206 250/283/207
f 228/275/185 227/272/184 242/279/199 243/284/200
f 236/276/193 235/274/192 250/283/207 251/285/208
f 229/277/186 228/275/185 243/284/200 244/286/201
f 237/261/194 236/276/193 251/285/208 252/287/209
f 230/263/187 229/277/186 244/286/201 245/288/202
f 238/262/195 237/261/194 252/287/209 253/289/210
f 231/264/188 230/263/187 245/288/202 246/290/203
f 239/265/196 238/262/195 253/289/210 254/291/211
f 232/266/189 231/264/188 246/290/203 247/292/204
f 240/267/197 239/265/196 254/291/211 255/293/212
f 233/268/190 232/266/189 247/292/204 248/294/205
f 241/269/198 240/267/197 255/293/212 256/281/213
f 234/270/191 233/268/190 248/294/205 249/282/206
f 246/290/203 245/288/202 260/295/217 261/296/218
f 254/291/211 253/289/210 268/297/225 269/298/226
f 247/292/204 246/290/203 261/296/218 262/299/219
f 255/293/212 254/291/211 269/298/226 270/300/227
f 248/294/205 247/292/204 262/299/219 263/301/220
f 256/281/213 255/293/212 270/300/227 271/302/228
f 249/282/206 248/294/205 263/301/220 264/303/221
f 242/279/199 211/304/168 257/305/214
f 437/306/394 256/281/213 271/302/228
f 250/283/207 249/282/206 264/303/221 265/307/222
f 243/284/200 242/279/199 257/305/214 258/308/215
f 251/285/208 250/283/207 265/307/222 266/309/223
f 244/286/201 243/284/200 258/308/215 259/310/216
f 252/287/209 251/285/208 266/309/223 267/311/224
f 245/288/202 244/286/201 259/310/216 260/295/217
f 253/289/210 252/287/209 267/311/224 268/297/225
f 265/307/222 264/303/221 279/312/236 280/313/237
f 258/308/215 257/305/214 272/314/229 273/315/230
f 266/309/223 265/307/222 280/313/237 281/316/238
f 259/310/216 258/308/215 273/315/230 274/317/231
f 267/311/224 266/309/223 281/316/238 282/318/239
f 260/295/217 259/310/216 274/317/231 275/319/232
f 268/297/225 267/311/224 282/318/239 283/320/240
f 261/296/218 260/295/217 275/319/232 276/321/233
f 269/298/226 268/297/225 283/320/240 284/322/241
f 262/299/219 261/296/218 276/321/233 277/323/234
f 270/300/227 269/298/226 284/322/241 285/324/242
f 263/301/220 262/299/219 277/323/234 278/325/235
f 271/302/228 270/300/227 285/324/242 286/326/243
f 264/303/221 263/301/220 278/325/235 279/312/236
f 257/305/214 211/327/168 272/314/229
f 437/328/394 271/302/228 286/326/243
f 284/322/241 283/320/240 298/329/255 299/330/256
f 277/323/234 276/321/233 291/331/248 292/332/249
f 285/324/242 284/322/241 299/330/256 300/333/257
f 278/325/235 277/323/234 292/332/249 293/334/250
f 286/326/243 285/324/242 300/333/257 301/335/258
f 279/312/236 278/325/235 293/334/250 294/336/251
f 272/314/229 211/337/168 287/338/244
f 437/339/394 286/326/243 301/335/258
f 280/313/237 279/312/236 294/336/251 295/340/252
f 273/315/230 272/314/229 287/338/244 288/341/245
f 281/316/238 280/313/237 295/340/252 296/342/253
f 274/317/231 273/315/230 288/341/245 289/343/246
f 282/318/239 281/316/238 296/342/253 297/344/254
f 275/319/232 274/317/231 289/343/246 290/345/247
f 283/320/240 282/318/239 297/344/254 298/329/255
f 276/321/233 275/319/232 290/345/247 291/331/248
f 296/342/253 295/340/252 310/346/267 311/347/268
f 289/343/246 288/341/245 303/348/260 304/349/261
f 297/344/254 296/342/253 311/347/268 312/350/269
f 290/345/247 289/343/246 304/349/261 305/351/262
f 298/329/255 297/344/254 312/350/269 313/352/270
f 291/331/248 290/345/247 305/351/262 306/353/263
f 299/330/256 298/329/255 313/352/270 314/354/271
f 292/332/249 291/331/248 306/353/263 307/355/264
f 300/333/257 299/330/256 314/354/271 315/356/272
f 293/334/250 292/332/249 307/355/264 308/357/265
f 301/335/258 300/333/257 315/356/272 316/358/273
f 294/336/251 293/334/250 308/357/265 309/359/266
f 287/338/244 211/360/168 302/361/259
f 437/362/394 301/335/258 316/358/273
f 295/340/252 294/336/251 309/359/266 310/346/267
f 288/341/245 287/338/244 302/361/259 303/348/260
f 315/356/272 314/354/271 329/363/286 330/364/287
f 308/357/265 307/355/264 322/365/279 323/366/280
f 316/358/273 315/356/272 330/364/287 331/367/288
f 309/359/266 308/357/265 323/366/280 324/368/281
f 302/361/259 211/369/168 317/370/274
f 437/371/394 316/358/273 331/367/288
f 310/346/267 309/359/266 324/368/281 325/372/282
f 303/348/260 302/361/259 317/370/274 318/373/275
f 311/347/268 310/346/267 325/372/282 326/374/283
f 304/349/261 303/348/260 318/373/275 319/375/276
f 312/350/269 311/347/268 326/374/283 327/376/284
f 305/351/262 304/349/261 319/375/276 320/377/277
f 313/352/270 312/350/269 327/376/284 328/378/285
f 306/353/263 305/351/262 320/377/277 321/379/278
f 314/354/271 313/352/270 328/378/285 329/363/286
f 307/355/264 306/353/263 321/379/278 322/365/279
f 319/375/276 318/373/275 333/380/290 334/381/291
f 327/376/284 326/374/283 341/382/298 342/383/299
f 320/377/277 319/375/276 334/381/291 335/384/292
f 328/378/285 327/376/284 342/383/299 343/385/300
f 321/379/278 320/377/277 335/384/292 336/386/293
f 329/363/286 328/378/285 343/385/300 344/387/301
f 322/365/279 321/379/278 336/386/293 337/388/294
f 330/364/287 329/363/286 344/387/301 345/389/302
f 323/366/280 322/365/279 337/388/294 338/390/295
f 331/367/288 330/364/287 345/389/302 346/391/303
f 324/368/281 323/366/280 338/390/295 339/392/296
f 317/370/274 211/393/168 332/394/289
f 437/395/394 331/367/288 346/391/303
f 325/372/282 324/368/281 339/392/296 340/396/297
f 318/373/275 317/370/274 332/394/289 333/380/290
f 326/374/283 325/372/282 340/396/297 341/382/298
f 338/390/295 337/388/294 352/397/309 353/398/310
f 346/391/303 345/389/302 360/399/317 361/400/318
f 339/392/296 338/390/295 353/398/310 354/401/311
f 332/394/289 211/402/168 347/403/304
f 437/404/394 346/391/303 361/400/318
f 340/396/297 339/392/296 354/401/311 355/405/312
f 333/380/290 332/394/289 347/403/304 348/406/305
f 341/382/298 340/396/297 355/405/312 356/407/313
f 334/381/291 333/380/290 348/406/305 349/408/306
f 342/383/299 341/382/298 356/407/313 357/409/314
f 335/384/292 334/381/291 349/408/306 350/410/307
f 343/385/300 342/383/299 357/409/314 358/411/315
f 336/386/293 335/384/292 350/410/307 351/412/308
f 344/387/301 343/385/300 358/411/315 359/413/316
f 337/388/294 336/386/293 351/412/308 352/397/309
f 345/389/302 344/387/301 359/413/316 360/399/317
f 357/409/314 356/407/313 371/414/328 372/415/329
f 350/410/307 349/408/306 364/416/321 365/417/322
f 358/411/315 357/409/314 372/415/329 373/418/330
f 351/412/308 350/410/307 365/417/322 366/419/323
f 359/413/316 358/411/315 373/418/330 374/420/331
f 352/397/309 351/412/308 366/419/323 367/421/324
f 360/399/317 359/413/316 374/420/331 375/422/332
f 353/398/310 352/397/309 367/421/324 368/423/325
f 361/400/318 360/399/317 375/422/332 376/424/333
f 354/401/311 353/398/310 368/423/325 369/425/326
f 347/403/304 211/426/168 362/427/319
f 437/428/394 361/400/318 376/424/333
f 355/405/312 354/401/311 369/425/326 370/429/327
f 348/406/305 347/403/304 362/427/319 363/430/320
f 356/407/313 355/405/312 370/429/327 371/414/328
f 349/408/306 348/406/305 363/430/320 364/416/321
f 376/424/333 375/422/332 390/431/347 391/432/348
f 369/425/326 368/423/325 383/433/340 384/434/341
f 362/427/319 211/435/168 377/436/334
f 437/437/394 376/424/333 391/432/348
f 370/429/327 369/425/326 384/434/341 385/438/342
f 363/430/320 362/427/319 377/436/334 378/439/335
f 371/414/328 370/429/327 385/438/342 386/440/343
f 364/416/321 363/430/320 378/439/335 379/441/336
f 372/415/329 371/414/328 386/440/343 387/442/344
f 365/417/322 364/416/321 379/441/336 380/443/337
f 373/418/330 372/415/329 387/442/344 388/444/345
f 366/419/323 365/417/322 380/443/337 381/445/338
f 374/420/331 373/418/330 388/444/345 389/446/346
f 367/421/324 366/419/323 381/445/338 382/447/339
f 375/422/332 374/420/331 389/446/346 390/431/347
f 368/423/325 367/421/324 382/447/339 383/433/340
f 380/443/337 379/441/336 394/448/351 395/449/352
f 388/444/345 387/442/344 402/450/359 403/451/360
f 381/445/338 380/443/337 395/449/352 396/452/353
f 389/446/346 388/444/345 403/451/360 404/453/361
f 382/447/339 381/445/338 396/452/353 397/454/354
f 390/431/347 389/446/346 404/453/361 405/455/362
f 383/433/340 382/447/339 397/454/354 398/456/355
f 391/432/348 390/431/347 405/455/362 406/457/363
f 384/434/341 383/433/340 398/456/355 399/458/356
f 377/436/334 211/459/168 392/460/349
f 437/461/394 391/432/348 406/457/363
f 385/438/342 384/434/341 399/458/356 400/462/357
f 378/439/335 377/436/334 392/460/349 393/463/350
f 386/440/343 385/438/342 400/462/357 401/464/358
f 379/441/336 378/439/335 393/463/350 394/448/351
f 387/442/344 386/440/343 401/464/358 402/450/359
f 399/458/356 398/456/355 413/465/370 414/466/371
f 392/460/349 211/467/168 407/468/364
f 437/469/394 406/457/363 421/470/378
f 400/462/357 399/458/356 414/466/371 415/471/372
f 393/463/350 392/460/349 407/468/364 408/472/365
f 401/464/358 400/462/357 415/471/372 416/473/373
f 394/448/351 393/463/350 408/472/365 409/474/366
f 402/450/359 401/464/358 416/473/373 417/475/374
f 395/449/352 394/448/351 409/474/366 410/476/367
f 403/451/360 402/450/359 417/475/374 418/477/375
f 396/452/353 395/449/352 410/476/367 411/478/368
f 404/453/361 403/451/360 418/477/375 419/479/376
f 397/454/354 396/452/353 411/478/368 412/480/369
f 405/455/362 404/453/361 419/479/376 420/481/377
f 398/456/355 397/454/354 412/480/369 413/465/370
f 406/457/363 405/455/362 420/481/377 421/470/378
f 418/477/375 417/475/374 432/482/389 433/483/390
f 411/478/368 410/476/367 425/484/382 426/485/383
f 419/479/376 418/477/375 433/483/390 434/486/391
f 412/480/369 411/478/368 426/485/383 427/487/384
f 420/481/377 419/479/376 434/486/391 435/488/392
f 413/465/370 412/480/369 427/487/384 428/489/385
f 421/470/378 420/481/377 435/488/392 436/490/393
f 414/466/371 413/465/370 428/489/385 429/491/386
f 407/468/364 211/492/168 422/493/379
f 437/494/394 421/470/378 436/490/393
f 415/471/372 414/466/371 429/491/386 430/495/387
f 408/472/365 407/468/364 422/493/379 423/496/380
f 416/473/373 415/471/372 430/495/387 431/497/388
f 409/474/366 408/472/365 423/496/380 424/498/381
f 417/475/374 416/473/373 431/497/388 432/482/389
f 410/476/367 409/474/366 424/498/381 425/484/382
f 437/499/394 436/490/393 452/500/409
f 430/495/387 429/491/386 445/501/402 446/502/403
f 423/496/380 422/493/379 438/503/395 439/504/396
f 431/497/388 430/495/387 446/502/403 447/505/404
f 424/498/381 423/496/380 439/504/396 440/506/397
f 432/482/389 431/497/388 447/505/404 448/507/405
f 425/484/382 424/498/381 440/506/397 441/508/398
f 433/483/390 432/482/389 448/507/405 449/509/406
f 426/485/383 425/484/382 441/508/398 442/510/399
f 434/486/391 433/483/390 449/509/406 450/511/407
f 427/487/384 426/485/383 442/510/399 443/512/400
f 435/488/392 434/486/391 450/511/407 451/513/408
f 428/489/385 427/487/384 443/512/400 444/514/401
f 436/490/393 435/488/392 451/513/408 452/500/409
f 429/491/386 428/489/385 444/514/401 445/501/402
f 422/493/379 211/515/168 438/503/395
f 450/511/407 449/509/406 464/516/421 465/517/422
f 443/512/400 442/510/399 457/518/414 458/519/415
f 451/513/408 450/511/407 465/517/422 466/520/423
f 444/514/401 443/512/400 458/519/415 459/521/416
f 452/500/409 451/513/408 466/520/423 467/522/424
f 445/501/402 444/514/401 459/521/416 460/523/417
f 438/503/395 211/524/168 453/525/410
f 437/526/394 452/500/409 467/522/424
f 446/502/403 445/501/402 460/523/417 461/527/418
f 439/504/396 438/503/395 453/525/410 454/528/411
f 447/505/404 446/502/403 461/527/418 462/529/419
f 440/506/397 439/504/396 454/528/411 455/530/412
f 448/507/405 447/505/404 462/529/419 463/531/420
f 441/508/398 440/506/397 455/530/412 456/532/413
f 449/509/406 448/507/405 463/531/420 464/516/421
f 442/510/399 441/508/398 456/532/413 457/518/414
f 454/528/411 453/525/410 468/533/425 469/534/426
f 462/529/419 461/527/418 476/535/433 477/536/434
f 455/530/412 454/528/411 469/534/426 470/537/427
f 463/531/420 462/529/419 477/536/434 478/538/435
f 456/532/413 455/530/412 470/537/427 471/539/428
f 464/516/421 463/531/420 478/538/435 479/540/436
f 457/518/414 456/532/413 471/539/428 472/541/429
f 465/517/422 464/516/421 479/540/436 480/542/437
f 458/519/415 457/518/414 472/541/429 473/543/430
f 466/520/423 465/517/422 480/542/437 481/544/438
f 459/521/416 458/519/415 473/543/430 474/545/431
f 467/522/424 466/520/423 481/544/438 482/546/439
f 460/523/417 459/521/416 474/545/431 475/547/432
f 453/525/410 211/548/168 468/533/425
f 437/549/394 467/522/424 482/546/439
f 461/527/418 460/523/417 475/547/432 476/535/433
f 473/543/430 472/541/429 487/550/444 488/551/445
f 481/544/438 480/542/437 495/552/452 496/553/453
f 474/545/431 473/543/430 488/551/445 489/554/446
f 482/546/439 481/544/438 496/553/453 497/555/454
f 475/547/432 474/545/431 489/554/446 490/556/447
f 468/533/425 211/557/168 483/558/440
f 437/559/394 482/546/439 497/555/454
f 476/535/433 475/547/432 490/556/447 491/560/448
f 469/534/426 468/533/425 483/558/440 484/561/441
f 477/536/434 476/535/433 491/560/448 492/562/449
f 470/537/427 469/534/426 484/561/441 485/563/442
f 478/538/435 477/536/434 492/562/449 493/564/450
f 471/539/428 470/537/427 485/563/442 486/565/443
f 479/540/436 478/538/435 493/564/450 494/566/451
f 472/541/429 471/539/428 486/565/443 487/550/444
f 480/542/437 479/540/436 494/566/451 495/552/452
f 492/567/449 491/568/448 506/569/463 507/570/464
f 485/571/442 484/572/441 499/573/456 500/574/457
f 493/575/450 492/567/449 507/570/464 508/576/465
f 486/577/443 485/571/442 500/574/457 501/578/458
f 494/579/451 493/575/450 508/576/465 509/580/466
f 487/581/444 486/577/443 501/578/458 502/582/459
f 495/583/452 494/579/451 509/580/466 510/584/467
f 488/585/445 487/581/444 502/582/459 503/586/460
f 496/587/453 495/583/452 510/584/467 511/588/468
f 489/589/446 488/585/445 503/586/460 504/590/461
f 497/591/454 496/587/453 511/588/468 512/592/469
f 490/593/447 489/589/446 504/590/461 505/594/462
f 483/595/440 211/596/168 498/597/455
f 437/598/394 497/591/454 512/592/469
f 491/568/448 490/593/447 505/594/462 506/569/463
f 484/572/441 483/595/440 498/597/455 499/573/456
f 511/588/468 510/584/467 525/599/482 526/600/483
f 504/590/461 503/586/460 518/601/475 519/602/476
f 512/592/469 511/588/468 526/600/483 527/603/484
f 505/594/462 504/590/461 519/602/476 520/604/477
f 498/597/455 211/605/168 513/606/470
f 437/607/394 512/592/469 527/603/484
f 506/569/463 505/594/462 520/604/477 521/608/478
f 499/573/456 498/597/455 513/606/470 514/609/471
f 507/570/464 506/569/463 521/608/478 522/610/479
f 500/574/457 499/573/456 514/609/471 515/611/472
f 508/576/465 507/570/464 522/610/479 523/612/480
f 501/578/458 500/574/457 515/611/472 516/613/473
f 509/580/466 508/576/465 523/612/480 524/614/481
f 502/582/459 501/578/458 516/613/473 517/615/474
f 510/584/467 509/580/466 524/614/481 525/599/482
f 503/586/460 502/582/459 517/615/474 518/601/475
f 515/611/472 514/609/471 529/616/486 530/617/487
f 523/612/480 522/610/479 537/618/494 538/619/495
f 516/613/473 515/611/472 530/617/487 531/620/488
f 524/614/481 523/612/480 538/619/495 539/621/496
f 517/615/474 516/613/473 531/620/488 532/622/489
f 525/599/482 524/614/481 539/621/496 540/623/497
f 518/601/475 517/615/474 532/622/489 533/624/490
f 526/600/483 525/599/482 540/623/497 541/625/498
f 519/602/476 518/601/475 533/624/490 534/626/491
f 527/603/484 526/600/483 541/625/498 542/627/499
f 520/604/477 519/602/476 534/626/491 535/628/492
f 513/606/470 211/629/168 528/630/485
f 437/631/394 527/603/484 542/627/499
f 521/608/478 520/604/477 535/628/492 536/632/493
f 514/609/471 513/606/470 528/630/485 529/616/486
f 522/610/479 521/608/478 536/632/493 537/618/494
f 534/626/491 533/624/490 548/633/505 549/634/506
f 542/627/499 541/625/498 556/635/513 557/636/514
f 535/628/492 534/626/491 549/634/506 550/637/507
f 528/630/485 211/638/168 543/639/500
f 437/640/394 542/627/499 557/636/514
f 536/632/493 535/628/492 550/637/507 551/641/508
f 529/616/486 528/630/485 543/639/500 544/642/501
f 537/618/494 536/632/493 551/641/508 552/643/509
f 530/617/487 529/616/486 544/642/501 545/644/502
f 538/619/495 537/618/494 552/643/509 553/645/510
f 531/620/488 530/617/487 545/644/502 546/646/503
f 539/621/496 538/619/495 553/645/510 554/647/511
f 532/622/489 531/620/488 546/646/503 547/648/504
f 540/623/497 539/621/496 554/647/511 555/649/512
f 533/624/490 532/622/489 547/648/504 548/633/505
f 541/625/498 540/623/497 555/649/512 556/635/513
f 553/645/510 552/643/509 567/650/524 568/651/525
f 546/646/503 545/644/502 560/652/517 561/653/518
f 554/647/511 553/645/510 568/651/525 569/654/526
f 547/648/504 546/646/503 561/653/518 562/655/519
f 555/649/512 554/647/511 569/654/526 570/656/527
f 548/633/505 547/648/504 562/655/519 563/657/520
f 556/635/513 555/649/512 570/656/527 571/658/528
f 549/634/506 548/633/505 563/657/520 564/659/521
f 557/636/514 556/635/513 571/658/528 572/660/529
f 550/637/507 549/634/506 564/659/521 565/661/522
f 543/639/500 211/662/168 558/663/515
f 437/664/394 557/636/514 572/660/529
f 551/641/508 550/637/507 565/661/522 566/665/523
f 544/642/501 543/639/500 558/663/515 559/666/516
f 552/643/509 551/641/508 566/665/523 567/650/524
f 545/644/502 544/642/501 559/666/516 560/652/517
f 572/660/529 571/658/528 586/667/543 587/668/544
f 565/661/522 564/659/521 579/669/536 580/670/537
f 558/663/515 211/671/168 573/672/530
f 437/673/394 572/660/529 587/668/544
f 566/665/523 565/661/522 580/670/537 581/674/538
f 559/666/516 558/663/515 573/672/530 574/675/531
f 567/650/524 566/665/523 581/674/538 582/676/539
f 560/652/517 559/666/516 574/675/531 575/677/532
f 568/651/525 567/650/524 582/676/539 583/678/540
f 561/653/518 560/652/517 575/677/532 576/679/533
f 569/654/526 568/651/525 583/678/540 584/680/541
f 562/655/519 561/653/518 576/679/533 577/681/534
f 570/656/527 569/654/526 584/680/541 585/682/542
f 563/657/520 562/655/519 577/681/534 578/683/535
f 571/658/528 570/656/527 585/682/542 586/667/543
f 564/659/521 563/657/520 578/683/535 579/669/536
f 584/680/541 583/678/540 598/684/555 599/685/556
f 577/681/534 576/679/533 591/686/548 592/687/549
f 585/682/542 584/680/541 599/685/556 600/688/557
f 578/683/535 577/681/534 592/687/549 593/689/550
f 586/667/543 585/682/542 600/688/557 601/690/558
f 579/669/536 578/683/535 593/689/550 594/691/551
f 587/668/544 586/667/543 601/690/558 602/692/559
f 580/670/537 579/669/536 594/691/551 595/693/552
f 573/672/530 211/694/168 588/695/545
f 437/696/394 587/668/544 602/692/559
f 581/674/538 580/670/537 595/693/552 596/697/553
f 574/675/531 573/672/530 588/695/545 589/698/546
f 582/676/539 581/674/538 596/697/553 597/699/554
f 575/677/532 574/675/531 589/698/546 590/700/547
f 583/678/540 582/676/539 597/699/554 598/684/555
f 576/679/533 575/677/532 590/700/547 591/686/548
f 588/695/545 211/701/168 603/148/560
f 437/702/394 602/692/559 611/152/568
f 596/697/553 595/693/552 133/144/90 134/154/91
f 589/698/546 588/695/545 603/148/560 604/156/561
f 597/699/554 596/697/553 134/154/91 607/158/564
f 590/700/547 589/698/546 604/156/561 130/160/87
f 598/684/555 597/699/554 607/158/564 135/162/92
f 591/686/548 590/700/547 130/160/87 605/164/562
f 599/685/556 598/684/555 135/162/92 608/166/565
f 592/687/549 591/686/548 605/164/562 131/168/88
f 600/688/557 599/685/556 608/166/565 609/170/566
f 593/689/550 592/687/549 131/168/88 606/172/563
f 601/690/558 600/688/557 609/170/566 610/174/567
f 594/691/551 593/689/550 606/172/563 132/145/89
f 602/692/559 601/690/558 610/174/567 611/152/568
f 595/693/552 594/691/551 132/145/89 133/144/90
usemtl Material.008
f 612/593/569 613/703/570 615/704/572 614/705/571
f 614/705/571 615/704/572 617/706/574 616/707/573
f 616/707/573 617/706/574 619/708/576 618/709/575
f 618/709/575 619/708/576 621/710/578 620/711/577
f 620/711/577 621/710/578 623/712/580 622/713/579
f 622/713/579 623/712/580 625/714/582 624/715/581
f 624/715/581 625/714/582 627/716/584 626/717/583
f 626/717/583 627/716/584 629/718/586 628/144/585
f 628/144/585 629/718/586 631/719/588 630/147/587
f 630/147/587 631/719/588 633/720/590 632/181/589
f 632/181/589 633/720/590 635/721/592 634/204/591
f 634/204/591 635/721/592 637/722/594 636/213/593
f 636/213/593 637/722/594 639/723/596 638/237/595
f 638/237/595 639/723/596 641/724/598 640/245/597
f 640/245/597 641/724/598 643/725/600 642/270/599
f 642/270/599 643/725/600 645/726/602 644/727/601
f 644/727/601 645/726/602 647/728/604 646/729/603
f 646/729/603 647/728/604 649/730/606 648/731/605
f 648/731/605 649/730/606 651/732/608 650/733/607
f 650/733/607 651/732/608 653/734/610 652/735/609
f 652/735/609 653/734/610 655/736/612 654/737/611
f 654/737/611 655/736/612 657/738/614 656/739/613
f 656/739/613 657/738/614 659/740/616 658/741/615
f 658/741/615 659/740/616 661/742/618 660/743/617
f 660/743/617 661/742/618 663/744/620 662/745/619
f 662/745/619 663/744/620 665/746/622 664/747/621
f 664/747/621 665/746/622 667/748/624 666/749/623
f 666/749/623 667/748/624 669/750/626 668/751/625
f 668/751/625 669/750/626 671/752/628 670/753/627
f 670/753/627 671/752/628 673/754/630 672/755/629
f 615/756/572 613/757/570 675/758/632 673/759/630 671/760/628 669/761/626 667/762/624 665/763/622 663/764/620 661/765/618 659/766/616 657/767/614 655/768/612 653/769/610 651/770/608 649/771/606 647/772/604 645/773/602 643/774/600 641/775/598 639/776/596 637/777/594 635/778/592 633/779/590 631/780/588 629/781/586 627/782/584 625/783/582 623/784/580 621/785/578 619/786/576 617/787/574
f 672/755/629 673/754/630 675/788/632 674/789/631
f 674/789/631 675/788/632 613/790/570 612/556/569
f 612/791/569 614/792/571 616/793/573 618/794/575 620/795/577 622/796/579 624/797/581 626/798/583 628/799/585 630/800/587 632/801/589 634/802/591 636/803/593 638/804/595 640/805/597 642/806/599 644/807/601 646/808/603 648/809/605 650/810/607 652/811/609 654/812/611 656/813/613 658/814/615 660/815/617 662/816/619 664/817/621 666/818/623 668/819/625 670/820/627 672/821/629 674/822/631
f 676/593/569 677/703/570 679/704/572 678/705/571
f 678/705/571 679/704/572 681/706/574 680/707/573
f 680/707/573 681/706/574 683/708/576 682/709/575
f 682/709/575 683/708/576 685/710/578 684/711/577
f 684/711/577 685/710/578 687/712/580 686/713/579
f 686/713/579 687/712/580 689/714/582 688/715/581
f 688/715/581 689/714/582 691/716/584 690/717/583
f 690/717/583 691/716/584 693/718/586 692/144/585
f 692/144/585 693/718/586 695/719/588 694/147/587
f 694/147/587 695/719/588 697/720/590 696/181/589
f 696/181/589 697/720/590 699/721/592 698/204/591
f 698/204/591 699/721/592 701/722/594 700/213/593
f 700/213/593 701/722/594 703/723/596 702/237/595
f 702/237/595 703/723/596 705/724/598 704/245/597
f 704/245/597 705/724/598 707/725/600 706/270/599
f 706/270/599 707/725/600 709/726/602 708/727/601
f 708/727/601 709/726/602 711/728/604 710/729/603
f 710/729/603 711/728/604 713/730/606 712/731/605
f 712/731/605 713/730/606 715/732/608 714/733/607
f 714/733/607 715/732/608 717/734/610 716/735/609
f 716/735/609 717/734/610 719/736/612 718/737/611
f 718/737/611 719/736/612 721/738/614 720/739/613
f 720/739/613 721/738/614 723/740/616 722/741/615
f 722/741/615 723/740/616 725/742/618 724/743/617
f 724/743/617 725/742/618 727/744/620 726/745/619
f 726/745/619 727/744/620 729/746/622 728/747/621
f 728/747/621 729/746/622 731/748/624 730/749/623
f 730/749/623 731/748/624 733/750/626 732/751/625
f 732/751/625 733/750/626 735/752/628 734/753/627
f 734/753/627 735/752/628 737/754/630 736/755/629
f 679/756/572 677/757/570 739/758/632 737/759/630 735/760/628 733/761/626 731/762/624 729/763/622 727/764/620 725/765/618 723/766/616 721/767/614 719/768/612 717/769/610 715/770/608 713/771/606 711/772/604 709/773/602 707/774/600 705/775/598 703/776/596 701/777/594 699/778/592 697/779/590 695/780/588 693/781/586 691/782/584 689/783/582 687/784/580 685/785/578 683/786/576 681/787/574
f 736/755/629 737/754/630 739/788/632 738/789/631
f 738/789/631 739/788/632 677/790/570 676/556/569
f 676/791/569 678/792/571 680/793/573 682/794/575 684/795/577 686/796/579 688/797/581 690/798/583 692/799/585 694/800/587 696/801/589 698/802/591 700/803/593 702/804/595 704/805/597 706/806/599 708/807/601 710/808/603 712/809/605 714/810/607 716/811/609 718/812/611 720/813/613 722/814/615 724/815/617 726/816/619 728/817/621 730/818/623 732/819/625 734/820/627 736/821/629 738/822/631
f 740/593/569 741/703/570 743/704/572 742/705/571
f 742/705/571 743/704/572 745/706/574 744/707/573
f 744/707/573 745/706/574 747/708/576 746/709/575
f 746/709/575 747/708/576 749/710/578 748/711/577
f 748/711/577 749/710/578 751/712/580 750/713/579
f 750/713/579 751/712/580 753/714/582 752/715/581
f 752/715/581 753/714/582 755/716/584 754/717/583
f 754/717/583 755/716/584 757/718/586 756/144/585
f 756/144/585 757/718/586 759/719/588 758/147/587
f 758/147/587 759/719/588 761/720/590 760/181/589
f 760/181/589 761/720/590 763/721/592 762/204/591
f 762/204/591 763/721/592 765/722/594 764/213/593
f 764/213/593 765/722/594 767/723/596 766/237/595
f 766/237/595 767/723/596 769/724/598 768/245/597
f 768/245/597 769/724/598 771/725/600 770/270/599
f 770/270/599 771/725/600 773/726/602 772/727/601
f 772/727/601 773/726/602 775/728/604 774/729/603
f 774/729/603 775/728/604 777/730/606 776/731/605
f 776/731/605 777/730/606 779/732/608 778/733/607
f 778/733/607 779/732/608 781/734/610 780/735/609
f 780/735/609 781/734/610 783/736/612 782/737/611
f 782/737/611 783/736/612 785/738/614 784/739/613
f 784/739/613 785/738/614 787/740/616 786/741/615
f 786/741/615 787/740/616 789/742/618 788/743/617
f 788/743/617 789/742/618 791/744/620 790/745/619
f 790/745/619 791/744/620 793/746/622 792/747/621
f 792/747/621 793/746/622 795/748/624 794/749/623
f 794/749/623 795/748/624 797/750/626 796/751/625
f 796/751/625 797/750/626 799/752/628 798/753/627
f 798/753/627 799/752/628 801/754/630 800/755/629
f 743/756/572 741/757/570 803/758/632 801/759/630 799/760/628 797/761/626 795/762/624 793/763/622 791/764/620 789/765/618 787/766/616 785/767/614 783/768/612 781/769/610 779/770/608 777/771/606 775/772/604 773/773/602 771/774/600 769/775/598 767/776/596 765/777/594 763/778/592 761/779/590 759/780/588 757/781/586 755/782/584 753/783/582 751/784/580 749/785/578 747/786/576 745/787/574
f 800/755/629 801/754/630 803/788/632 802/789/631
f 802/789/631 803/788/632 741/790/570 740/556/569
f 740/791/569 742/792/571 744/793/573 746/794/575 748/795/577 750/796/579 752/797/581 754/798/583 756/799/585 758/800/587 760/801/589 762/802/591 764/803/593 766/804/595 768/805/597 770/806/599 772/807/601 774/808/603 776/809/605 778/810/607 780/811/609 782/812/611 784/813/613 786/814/615 788/815/617 790/816/619 792/817/621 794/818/623 796/819/625 798/820/627 800/821/629 802/822/631
f 804/593/569 805/703/570 807/704/572 806/705/571
f 806/705/571 807/704/572 809/706/574 808/707/573
f 808/707/573 809/706/574 811/708/576 810/709/575
f 810/709/575 811/708/576 813/710/578 812/711/577
f 812/711/577 813/710/578 815/712/580 814/713/579
f 814/713/579 815/712/580 817/714/582 816/715/581
f 816/715/581 817/714/582 819/716/584 818/717/583
f 818/717/583 819/716/584 821/718/586 820/144/585
f 820/144/585 821/718/586 823/719/588 822/147/587
f 822/147/587 823/719/588 825/720/590 824/181/589
f 824/181/589 825/720/590 827/721/592 826/204/591
f 826/204/591 827/721/592 829/722/594 828/213/593
f 828/213/593 829/722/594 831/723/596 830/237/595
f 830/237/595 831/723/596 833/724/598 832/245/597
f 832/245/597 833/724/598 835/725/600 834/270/599
f 834/270/599 835/725/600 837/726/602 836/727/601
f 836/727/601 837/726/602 839/728/604 838/729/603
f 838/729/603 839/728/604 841/730/606 840/731/605
f 840/731/605 841/730/606 843/732/608 842/733/607
f 842/733/607 843/732/608 845/734/610 844/735/609
f 844/735/609 845/734/610 847/736/612 846/737/611
f 846/737/611 847/736/612 849/738/614 848/739/613
f 848/739/613 849/738/614 851/740/616 850/741/615
f 850/741/615 851/740/616 853/742/618 852/743/617
f 852/743/617 853/742/618 855/744/620 854/745/619
f 854/745/619 855/744/620 857/746/622 856/747/621
f 856/747/621 857/746/622 859/748/624 858/749/623
f 858/749/623 859/748/624 861/750/633 860/751/625
f 860/751/625 861/750/633 863/752/628 862/753/627
f 862/753/627 863/752/628 865/754/630 864/755/629
f 807/756/572 805/757/570 867/758/632 865/759/630 863/760/628 861/761/633 859/762/624 857/763/622 855/764/620 853/765/618 851/766/616 849/767/614 847/768/612 845/769/610 843/770/608 841/771/606 839/772/604 837/773/602 835/774/600 833/775/598 831/776/596 829/777/594 827/778/592 825/779/590 823/780/588 821/781/586 819/782/584 817/783/582 815/784/580 813/785/578 811/786/576 809/787/574
f 864/755/629 865/754/630 867/788/632 866/789/631
f 866/789/631 867/788/632 805/790/570 804/556/569
f 804/791/569 806/792/571 808/793/573 810/794/575 812/795/577 814/796/579 816/797/581 818/798/583 820/799/585 822/800/587 824/801/589 826/802/591 828/803/593 830/804/595 832/805/597 834/806/599 836/807/601 838/808/603 840/809/605 842/810/607 844/811/609 846/812/611 848/813/613 850/814/615 852/815/617 854/816/619 856/817/621 858/818/623 860/819/625 862/820/627 864/821/629 866/822/631
f 868/593/569 869/703/570 871/704/572 870/705/571
f 870/705/571 871/704/572 873/706/574 872/707/573
f 872/707/573 873/706/574 875/708/576 874/709/575
f 874/709/575 875/708/576 877/710/634 876/711/577
f 876/711/577 877/710/634 879/712/580 878/713/579
f 878/713/579 879/712/580 881/714/582 880/715/581
f 880/715/581 881/714/582 883/716/584 882/717/583
f 882/717/583 883/716/584 885/718/586 884/144/585
f 884/144/585 885/718/586 887/719/588 886/147/587
f 886/147/587 887/719/588 889/720/590 888/181/589
f 888/181/589 889/720/590 891/721/592 890/204/591
f 890/204/591 891/721/592 893/722/594 892/213/593
f 892/213/593 893/722/594 895/723/596 894/237/595
f 894/237/595 895/723/596 897/724/598 896/245/597
f 896/245/597 897/724/598 899/725/600 898/270/599
f 898/270/599 899/725/600 901/726/602 900/727/601
f 900/727/601 901/726/602 903/728/604 902/729/603
f 902/729/603 903/728/604 905/730/606 904/731/605
f 904/731/605 905/730/606 907/732/608 906/733/607
f 906/733/607 907/732/608 909/734/610 908/735/609
f 908/735/609 909/734/610 911/736/612 910/737/611
f 910/737/611 911/736/612 913/738/614 912/739/613
f 912/739/613 913/738/614 915/740/616 914/741/615
f 914/741/615 915/740/616 917/742/618 916/743/617
f 916/743/617 917/742/618 919/744/620 918/745/619
f 918/745/619 919/744/620 921/746/622 920/747/621
f 920/747/621 921/746/622 923/748/624 922/749/623
f 922/749/623 923/748/624 925/750/633 924/751/625
f 924/751/625 925/750/633 927/752/628 926/753/627
f 926/753/627 927/752/628 929/754/630 928/755/635
f 871/756/572 869/757/570 931/758/632 929/759/630 927/760/628 925/761/633 923/762/624 921/763/622 919/764/620 917/765/618 915/766/616 913/767/614 911/768/612 909/769/610 907/770/608 905/771/606 903/772/604 901/773/602 899/774/600 897/775/598 895/776/596 893/777/594 891/778/592 889/779/590 887/780/588 885/781/586 883/782/584 881/783/582 879/784/580 877/785/634 875/786/576 873/787/574
f 928/755/635 929/754/630 931/788/632 930/789/631
f 930/789/631 931/788/632 869/790/570 868/556/569
f 868/791/569 870/792/571 872/793/573 874/794/575 876/795/577 878/796/579 880/797/581 882/798/583 884/799/585 886/800/587 888/801/589 890/802/591 892/803/593 894/804/595 896/805/597 898/806/599 900/807/601 902/808/603 904/809/605 906/810/607 908/811/609 910/812/611 912/813/613 914/814/615 916/815/617 918/816/619 920/817/621 922/818/623 924/819/625 926/820/627 928/821/635 930/822/631
f 932/593/569 933/703/570 935/704/572 934/705/571
f 934/705/571 935/704/572 937/706/574 936/707/636
f 936/707/636 937/706/574 939/708/576 938/709/575
f 938/709/575 939/708/576 941/710/578 940/711/577
f 940/711/577 941/710/578 943/712/580 942/713/579
f 942/713/579 943/712/580 945/714/582 944/715/581
f 944/715/581 945/714/582 947/716/584 946/717/583
f 946/717/583 947/716/584 949/718/586 948/144/585
f 948/144/585 949/718/586 951/719/588 950/147/587
f 950/147/587 951/719/588 953/720/590 952/181/589
f 952/181/589 953/720/590 955/721/592 954/204/591
f 954/204/591 955/721/592 957/722/594 956/213/593
f 956/213/593 957/722/594 959/723/596 958/237/595
f 958/237/595 959/723/596 961/724/598 960/245/597
f 960/245/597 961/724/598 963/725/600 962/270/599
f 962/270/599 963/725/600 965/726/602 964/727/601
f 964/727/601 965/726/602 967/728/604 966/729/603
f 966/729/603 967/728/604 969/730/606 968/731/605
f 968/731/605 969/730/606 971/732/608 970/733/607
f 970/733/607 971/732/608 973/734/610 972/735/609
f 972/735/609 973/734/610 975/736/612 974/737/611
f 974/737/611 975/736/612 977/738/614 976/739/613
f 976/739/613 977/738/614 979/740/616 978/741/615
f 978/741/615 979/740/616 981/742/618 980/743/617
f 980/743/617 981/742/618 983/744/620 982/745/619
f 982/745/619 983/744/620 985/746/622 984/747/621
f 984/747/621 985/746/622 987/748/624 986/749/623
f 986/749/623 987/748/624 989/750/633 988/751/625
f 988/751/625 989/750/633 991/752/628 990/753/627
f 990/753/627 991/752/628 993/754/630 992/755/635
f 935/756/572 933/757/570 995/758/632 993/759/630 991/760/628 989/761/633 987/762/624 985/763/622 983/764/620 981/765/618 979/766/616 977/767/614 975/768/612 973/769/610 971/770/608 969/771/606 967/772/604 965/773/602 963/774/600 961/775/598 959/776/596 957/777/594 955/778/592 953/779/590 951/780/588 949/781/586 947/782/584 945/783/582 943/784/580 941/785/578 939/786/576 937/787/574
f 992/755/635 993/754/630 995/788/632 994/789/631
f 994/789/631 995/788/632 933/790/570 932/556/569
f 932/791/569 934/792/571 936/793/636 938/794/575 940/795/577 942/796/579 944/797/581 946/798/583 948/799/585 950/800/587 952/801/589 954/802/591 956/803/593 958/804/595 960/805/597 962/806/599 964/807/601 966/808/603 968/809/605 970/810/607 972/811/609 974/812/611 976/813/613 978/814/615 980/815/617 982/816/619 984/817/621 986/818/623 988/819/625 990/820/627 992/821/635 994/822/631
f 996/593/569 997/703/570 999/704/572 998/705/571
f 998/705/571 999/704/572 1001/706/574 1000/707/573
f 1000/707/573 1001/706/574 1003/708/576 1002/709/575
f 1002/709/575 1003/708/576 1005/710/578 1004/711/577
f 1004/711/577 1005/710/578 1007/712/580 1006/713/579
f 1006/713/579 1007/712/580 1009/714/582 1008/715/581
f 1008/715/581 1009/714/582 1011/716/584 1010/717/583
f 1010/717/583 1011/716/584 1013/718/586 1012/144/585
f 1012/144/585 1013/718/586 1015/719/588 1014/147/587
f 1014/147/587 1015/719/588 1017/720/590 1016/181/589
f 1016/181/589 1017/720/590 1019/721/592 1018/204/591
f 1018/204/591 1019/721/592 1021/722/594 1020/213/593
f 1020/213/593 1021/722/594 1023/723/596 1022/237/595
f 1022/237/595 1023/723/596 1025/724/598 1024/245/597
f 1024/245/597 1025/724/598 1027/725/600 1026/270/599
f 1026/270/599 1027/725/600 1029/726/602 1028/727/601
f 1028/727/601 1029/726/602 1031/728/604 1030/729/603
f 1030/729/603 1031/728/604 1033/730/606 1032/731/605
f 1032/731/605 1033/730/606 1035/732/608 1034/733/607
f 1034/733/607 1035/732/608 1037/734/610 1036/735/609
f 1036/735/609 1037/734/610 1039/736/612 1038/737/611
f 1038/737/611 1039/736/612 1041/738/614 1040/739/613
f 1040/739/613 1041/738/614 1043/740/616 1042/741/615
f 1042/741/615 1043/740/616 1045/742/618 1044/743/617
f 1044/743/617 1045/742/618 1047/744/620 1046/745/619
f 1046/745/619 1047/744/620 1049/746/622 1048/747/621
f 1048/747/621 1049/746/622 1051/748/624 1050/749/623
f 1050/749/623 1051/748/624 1053/750/626 1052/751/625
f 1052/751/625 1053/750/626 1055/752/628 1054/753/627
f 1054/753/627 1055/752/628 1057/754/630 1056/755/629
f 999/756/572 997/757/570 1059/758/632 1057/759/630 1055/760/628 1053/761/626 1051/762/624 1049/763/622 1047/764/620 1045/765/618 1043/766/616 1041/767/614 1039/768/612 1037/769/610 1035/770/608 1033/771/606 1031/772/604 1029/773/602 1027/774/600 1025/775/598 1023/776/596 1021/777/594 1019/778/592 1017/779/590 1015/780/588 1013/781/586 1011/782/584 1009/783/582 1007/784/580 1005/785/578 1003/786/576 1001/787/574
f 1056/755/629 1057/754/630 1059/788/632 1058/789/631
f 1058/789/631 1059/788/632 997/790/570 996/556/569
f 996/791/569 998/792/571 1000/793/573 1002/794/575 1004/795/577 1006/796/579 1008/797/581 1010/798/583 1012/799/585 1014/800/587 1016/801/589 1018/802/591 1020/803/593 1022/804/595 1024/805/597 1026/806/599 1028/807/601 1030/808/603 1032/809/605 1034/810/607 1036/811/609 1038/812/611 1040/813/613 1042/814/615 1044/815/617 1046/816/619 1048/817/621 1050/818/623 1052/819/625 1054/820/627 1056/821/629 1058/822/631
f 1060/593/569 1061/703/570 1063/704/572 1062/705/571
f 1062/705/571 1063/704/572 1065/706/574 1064/707/573
f 1064/707/573 1065/706/574 1067/708/576 1066/709/575
f 1066/709/575 1067/708/576 1069/710/578 1068/711/577
f 1068/711/577 1069/710/578 1071/712/580 1070/713/579
f 1070/713/579 1071/712/580 1073/714/582 1072/715/581
f 1072/715/581 1073/714/582 1075/716/584 1074/717/583
f 1074/717/583 1075/716/584 1077/718/586 1076/144/585
f 1076/144/585 1077/718/586 1079/719/588 1078/147/587
f 1078/147/587 1079/719/588 1081/720/590 1080/181/589
f 1080/181/589 1081/720/590 1083/721/592 1082/204/591
f 1082/204/591 1083/721/592 1085/722/594 1084/213/593
f 1084/213/593 1085/722/594 1087/723/596 1086/237/595
f 1086/237/595 1087/723/596 1089/724/598 1088/245/597
f 1088/245/597 1089/724/598 1091/725/600 1090/270/599
f 1090/270/599 1091/725/600 1093/726/602 1092/727/601
f 1092/727/601 1093/726/602 1095/728/604 1094/729/603
f 1094/729/603 1095/728/604 1097/730/606 1096/731/605
f 1096/731/605 1097/730/606 1099/732/608 1098/733/607
f 1098/733/607 1099/732/608 1101/734/610 1100/735/609
f 1100/735/609 1101/734/610 1103/736/612 1102/737/611
f 1102/737/611 1103/736/612 1105/738/614 1104/739/613
f 1104/739/613 1105/738/614 1107/740/616 1106/741/615
f 1106/741/615 1107/740/616 1109/742/618 1108/743/617
f 1108/743/617 1109/742/618 1111/744/620 1110/745/619
f 1110/745/619 1111/744/620 1113/746/622 1112/747/621
f 1112/747/621 1113/746/622 1115/748/624 1114/749/623
f 1114/749/623 1115/748/624 1117/750/626 1116/751/625
f 1116/751/625 1117/750/626 1119/752/628 1118/753/627
f 1118/753/627 1119/752/628 1121/754/630 1120/755/629
f 1063/756/572 1061/757/570 1123/758/632 1121/759/630 1119/760/628 1117/761/626 1115/762/624 1113/763/622 1111/764/620 1109/765/618 1107/766/616 1105/767/614 1103/768/612 1101/769/610 1099/770/608 1097/771/606 1095/772/604 1093/773/602 1091/774/600 1089/775/598 1087/776/596 1085/777/594 1083/778/592 1081/779/590 1079/780/588 1077/781/586 1075/782/584 1073/783/582 1071/784/580 1069/785/578 1067/786/576 1065/787/574
f 1120/755/629 1121/754/630 1123/788/632 1122/789/631
f 1122/789/631 1123/788/632 1061/790/570 1060/556/569
f 1060/791/569 1062/792/571 1064/793/573 1066/794/575 1068/795/577 1070/796/579 1072/797/581 1074/798/583 1076/799/585 1078/800/587 1080/801/589 1082/802/591 1084/803/593 1086/804/595 1088/805/597 1090/806/599 1092/807/601 1094/808/603 1096/809/605 1098/810/607 1100/811/609 1102/812/611 1104/813/613 1106/814/615 1108/815/617 1110/816/619 1112/817/621 1114/818/623 1116/819/625 1118/820/627 1120/821/629 1122/822/631
f 1124/593/637 1125/703/638 1127/704/640 1126/705/639
f 1126/705/639 1127/704/640 1129/706/642 1128/707/641
f 1128/707/641 1129/706/642 1131/708/644 1130/709/643
f 1130/709/643 1131/708/644 1133/710/646 1132/711/645
f 1132/711/645 1133/710/646 1135/712/648 1134/713/647
f 1134/713/647 1135/712/648 1137/714/650 1136/715/649
f 1136/715/649 1137/714/650 1139/716/652 1138/717/651
f 1138/717/651 1139/716/652 1141/718/654 1140/144/653
f 1140/144/653 1141/718/654 1143/719/656 1142/147/655
f 1142/147/655 1143/719/656 1145/720/658 1144/181/657
f 1144/181/657 1145/720/658 1147/721/660 1146/204/659
f 1146/204/659 1147/721/660 1149/722/662 1148/213/661
f 1148/213/661 1149/722/662 1151/723/664 1150/237/663
f 1150/237/663 1151/723/664 1153/724/666 1152/245/665
f 1152/245/665 1153/724/666 1155/725/668 1154/270/667
f 1154/270/667 1155/725/668 1157/726/670 1156/727/669
f 1156/727/669 1157/726/670 1159/728/672 1158/729/671
f 1158/729/671 1159/728/672 1161/730/674 1160/731/673
f 1160/731/673 1161/730/674 1163/732/676 1162/733/675
f 1162/733/675 1163/732/676 1165/734/678 1164/735/677
f 1164/735/677 1165/734/678 1167/736/680 1166/737/679
f 1166/737/679 1167/736/680 1169/738/682 1168/739/681
f 1168/739/681 1169/738/682 1171/740/684 1170/741/683
f 1170/741/683 1171/740/684 1173/742/686 1172/743/685
f 1172/743/685 1173/742/686 1175/744/688 1174/745/687
f 1174/745/687 1175/744/688 1177/746/690 1176/747/689
f 1176/747/689 1177/746/690 1179/748/692 1178/749/691
f 1178/749/691 1179/748/692 1181/750/694 1180/751/693
f 1180/751/693 1181/750/694 1183/752/696 1182/753/695
f 1182/753/695 1183/752/696 1185/754/698 1184/755/697
f 1127/756/640 1125/757/638 1187/758/700 1185/759/698 1183/760/696 1181/761/694 1179/762/692 1177/763/690 1175/764/688 1173/765/686 1171/766/684 1169/767/682 1167/768/680 1165/769/678 1163/770/676 1161/771/674 1159/772/672 1157/773/670 1155/774/668 1153/775/666 1151/776/664 1149/777/662 1147/778/660 1145/779/658 1143/780/656 1141/781/654 1139/782/652 1137/783/650 1135/784/648 1133/785/646 1131/786/644 1129/787/642
f 1184/755/697 1185/754/698 1187/788/700 1186/789/699
f 1186/789/699 1187/788/700 1125/790/638 1124/556/637
f 1124/791/637 1126/792/639 1128/793/641 1130/794/643 1132/795/645 1134/796/647 1136/797/649 1138/798/651 1140/799/653 1142/800/655 1144/801/657 1146/802/659 1148/803/661 1150/804/663 1152/805/665 1154/806/667 1156/807/669 1158/808/671 1160/809/673 1162/810/675 1164/811/677 1166/812/679 1168/813/681 1170/814/683 1172/815/685 1174/816/687 1176/817/689 1178/818/691 1180/819/693 1182/820/695 1184/821/697 1186/822/699
